ESTADÍSTICAS DE VIOLENCIA INTRAFAMILIAR,,,,,,,,,,,,
Valores de las variables,,,,,,,,,,,,
,,,,,,,,,,,,
Código,Descripción del código,Valor,Etiqueta,,,,,,,,,
,,,,,,,,,,,,
DATOS DE REGISTRO,,,,,,,,,,,,
,,,,,,,,,,,,
ANO_EMISION,Año de emisión o registro de la denuncia en las fuentes de información,2020,2020,,,,,,,,,
,,,,,,,,,,,,
MES_EMISION,Mes de emisión o registro de la denuncia,1,Enero,,,,,,,,,
,,2,Febrero,,,,,,,,,
,,3,Marzo,,,,,,,,,
,,4,Abril,,,,,,,,,
,,5,Mayo,,,,,,,,,
,,6,Junio,,,,,,,,,
,,7,Julio,,,,,,,,,
,,8,Agosto,,,,,,,,,
,,9,Septiembre,,,,,,,,,
,,10,Octubre,,,,,,,,,
,,11,Noviembre,,,,,,,,,
,,12,Diciembre,,,,,,,,,
,,,,,,,,,,,,
DIA_EMISION,Día de emisión o registro de la denuncia,1 a 31,día de registro ,,,,,,,,,
,,,,,,,,,,,,
DEPTO_MCPIO,Departamento y municipio de registro,101,Guatemala,,,,,,,,,
,,102,Santa Catarina Pinula,,,,,,,,,
,,103,San José Pinula,,,,,,,,,
,,104,San José del Golfo,,,,,,,,,
,,105,Palencia,,,,,,,,,
,,106,Chinautla,,,,,,,,,
,,107,San Pedro Ayampuc,,,,,,,,,
,,108,Mixco,,,,,,,,,
,,109,San Pedro Sacatepéquez,,,,,,,,,
,,110,San Juan Sacatepéquez,,,,,,,,,
,,111,San Raymundo,,,,,,,,,
,,112,Chuarrancho,,,,,,,,,
,,113,Fraijanes,,,,,,,,,
,,114,Amatitlán,,,,,,,,,
,,115,Villa Nueva,,,,,,,,,
,,116,Villa Canales,,,,,,,,,
,,117,Petapa,,,,,,,,,
,,201,Guastatoya,,,,,,,,,
,,202,Morazán,,,,,,,,,
,,203,San Agustín Acasaguastlán,,,,,,,,,
,,204,San Cristóbal Acasaguastlán,,,,,,,,,
,,205,El Jícaro,,,,,,,,,
,,206,Sansare,,,,,,,,,
,,207,Sanarate,,,,,,,,,
,,208,San Antonio La Paz,,,,,,,,,
,,301,Antigua Guatemala,,,,,,,,,
,,302,Jocotenango,,,,,,,,,
,,303,Pastores,,,,,,,,,
,,304,Sumpango,,,,,,,,,
,,305,Santo Domingo Xenacoj,,,,,,,,,
,,306,Santiago Sacatepéquez,,,,,,,,,
,,307,San Bartolomé Milpas Altas,,,,,,,,,
,,308,San Lucas Sacatepéquez,,,,,,,,,
,,309,Santa Lucía Milpas Altas,,,,,,,,,
,,310,Magdalena Milpas Altas,,,,,,,,,
,,311,Santa María de Jesús,,,,,,,,,
,,312,Ciudad Vieja,,,,,,,,,
,,313,San Miguel Dueñas,,,,,,,,,
,,314,Alotenango,,,,,,,,,
,,315,San Antonio Aguas Calientes,,,,,,,,,
,,316,Santa Catarina Barahona,,,,,,,,,
,,401,Chimaltenango,,,,,,,,,
,,402,San José Poaquil,,,,,,,,,
,,403,San Martín Jilotepeque,,,,,,,,,
,,404,Comalapa,,,,,,,,,
,,405,Santa Apolonia,,,,,,,,,
,,406,Tecpán Guatemala,,,,,,,,,
,,407,Patzún,,,,,,,,,
,,408,Pochuta,,,,,,,,,
,,409,Patzicía,,,,,,,,,
,,410,Santa Cruz Balanyá,,,,,,,,,
,,411,Acatenango,,,,,,,,,
,,412,Yepocapa,,,,,,,,,
,,413,San Andrés Itzapa,,,,,,,,,
,,414,Parramos,,,,,,,,,
,,415,Zaragoza,,,,,,,,,
,,416,El Tejar,,,,,,,,,
,,501,Escuintla,,,,,,,,,
,,502,Santa Lucía Cotzumalguapa,,,,,,,,,
,,503,La Democracia,,,,,,,,,
,,504,Siquinalá,,,,,,,,,
,,505,Masagua,,,,,,,,,
,,506,Tiquisate,,,,,,,,,
,,507,La Gomera,,,,,,,,,
,,508,Guanagazapa,,,,,,,,,
,,509,San José,,,,,,,,,
,,510,Iztapa,,,,,,,,,
,,511,Palín,,,,,,,,,
,,512,San Vicente Pacaya,,,,,,,,,
,,513,Nueva Concepción,,,,,,,,,
,,514,Sipacate,,,,,,,,,
,,601,Cuilapa,,,,,,,,,
,,602,Barberena,,,,,,,,,
,,603,Santa Rosa de Lima,,,,,,,,,
,,604,Casillas,,,,,,,,,
,,605,San Rafael Las Flores,,,,,,,,,
,,606,Oratorio,,,,,,,,,
,,607,San Juan Tecuaco,,,,,,,,,
,,608,Chiquimulilla,,,,,,,,,
,,609,Taxisco,,,,,,,,,
,,610,Santa María Ixhuatán,,,,,,,,,
,,611,Guazacapán,,,,,,,,,
,,612,Santa Cruz Naranjo,,,,,,,,,
,,613,Pueblo Nuevo Viñas,,,,,,,,,
,,614,Nueva Santa Rosa,,,,,,,,,
,,701,Sololá,,,,,,,,,
,,702,San José Chacayá,,,,,,,,,
,,703,Santa María Visitación,,,,,,,,,
,,704,Santa Lucía Utatlán,,,,,,,,,
,,705,Nahualá,,,,,,,,,
,,706,Santa Catarina Ixtahuacán,,,,,,,,,
,,707,Santa Clara La Laguna,,,,,,,,,
,,708,Concepción,,,,,,,,,
,,709,San Andrés Semetabaj,,,,,,,,,
,,710,Panajachel,,,,,,,,,
,,711,Santa Catarina Palopó,,,,,,,,,
,,712,San Antonio Palopó,,,,,,,,,
,,713,San Lucas Toliman,,,,,,,,,
,,714,Santa Cruz La Laguna,,,,,,,,,
,,715,San Pablo La Laguna,,,,,,,,,
,,716,San Marcos La Laguna,,,,,,,,,
,,717,San Juan La Laguna,,,,,,,,,
,,718,San Pedro La Laguna,,,,,,,,,
,,719,Santiago Atitlán,,,,,,,,,
,,801,Totonicapán,,,,,,,,,
,,802,San Cristobal Totonicapán,,,,,,,,,
,,803,San Francisco El Alto,,,,,,,,,
,,804,San Andrés Xecul,,,,,,,,,
,,805,Momostenango,,,,,,,,,
,,806,Santa María Chiquimula,,,,,,,,,
,,807,Santa Lucía La Reforma,,,,,,,,,
,,808,San Bartolo,,,,,,,,,
,,901,Quetzaltenango,,,,,,,,,
,,902,Salcajá,,,,,,,,,
,,903,Olintepeque,,,,,,,,,
,,904,San Carlos Sija,,,,,,,,,
,,905,Sibilia,,,,,,,,,
,,906,Cabricán,,,,,,,,,
,,907,Cajolá,,,,,,,,,
,,908,San Miguel Siguilá,,,,,,,,,
,,909,Ostuncalco,,,,,,,,,
,,910,San Mateo,,,,,,,,,
,,911,Concepción Chiquirichapa,,,,,,,,,
,,912,San Martín Sacatepéquez,,,,,,,,,
,,913,Almolonga,,,,,,,,,
,,914,Cantel,,,,,,,,,
,,915,Huitán,,,,,,,,,
,,916,Zunil,,,,,,,,,
,,917,Colomba,,,,,,,,,
,,918,San Francisco La Unión,,,,,,,,,
,,919,El Palmar,,,,,,,,,
,,920,Coatepeque,,,,,,,,,
,,921,Génova,,,,,,,,,
,,922,Flores Costa Cuca,,,,,,,,,
,,923,La Esperanza,,,,,,,,,
,,924,Palestina de Los Altos,,,,,,,,,
,,1001,Mazatenango,,,,,,,,,
,,1002,Cuyotenango,,,,,,,,,
,,1003,San Francisco Zapotitlán,,,,,,,,,
,,1004,San Bernardino,,,,,,,,,
,,1005,San José El Ídolo,,,,,,,,,
,,1006,Santo Domingo Suchitepéquez,,,,,,,,,
,,1007,San Lorenzo,,,,,,,,,
,,1008,Samayac,,,,,,,,,
,,1009,San Pablo Jocopilas,,,,,,,,,
,,1010,San Antonio Suchitepéquez,,,,,,,,,
,,1011,San Miguel Panán,,,,,,,,,
,,1012,San Gabriel,,,,,,,,,
,,1013,Chicacao,,,,,,,,,
,,1014,Patulul,,,,,,,,,
,,1015,Santa Bárbara,,,,,,,,,
,,1016,San Juan Bautista,,,,,,,,,
,,1017,Santo Tomás La Unión,,,,,,,,,
,,1018,Zunilito,,,,,,,,,
,,1019,Pueblo Nuevo ,,,,,,,,,
,,1020,Rio Bravo,,,,,,,,,
,,1021,San José La Máquina,,,,,,,,,
,,1101,Retalhuleu,,,,,,,,,
,,1102,San Sebastián,,,,,,,,,
,,1103,Santa Cruz Muluá,,,,,,,,,
,,1104,San Martín Zapotitlán,,,,,,,,,
,,1105,San Felipe,,,,,,,,,
,,1106,San Andrés Villa Seca,,,,,,,,,
,,1107,Champerico,,,,,,,,,
,,1108,Nuevo San Carlos,,,,,,,,,
,,1109,El Asintal,,,,,,,,,
,,1201,San Marcos,,,,,,,,,
,,1202,San Pedro Sacatepéquez,,,,,,,,,
,,1203,San Antonio Sacatepéquez,,,,,,,,,
,,1204,Comitancillo,,,,,,,,,
,,1205,San Miguel Ixtahuacán,,,,,,,,,
,,1206,Concepción Tutuapa,,,,,,,,,
,,1207,Tacaná,,,,,,,,,
,,1208,Sibinal,,,,,,,,,
,,1209,Tajumulco,,,,,,,,,
,,1210,Tejutla,,,,,,,,,
,,1211,San Rafael Pie de La Cuesta,,,,,,,,,
,,1212,Nuevo Progreso,,,,,,,,,
,,1213,El Tumbador,,,,,,,,,
,,1214,El Rodeo,,,,,,,,,
,,1215,Malacatán,,,,,,,,,
,,1216,Catarina,,,,,,,,,
,,1217,Ayutla,,,,,,,,,
,,1218,Ocós,,,,,,,,,
,,1219,San Pablo,,,,,,,,,
,,1220,El Quetzal,,,,,,,,,
,,1221,La Reforma,,,,,,,,,
,,1222,Pajapita,,,,,,,,,
,,1223,Ixchiguán,,,,,,,,,
,,1224,San José Ojetenam,,,,,,,,,
,,1225,San Cristóbal Cucho,,,,,,,,,
,,1226,Sipacapa,,,,,,,,,
,,1227,Esquipulas Palo Gordo,,,,,,,,,
,,1228,Rio Blanco,,,,,,,,,
,,1229,San Lorenzo,,,,,,,,,
,,1230,La Blanca,,,,,,,,,
,,1301,Huehuetenango,,,,,,,,,
,,1302,Chiantla,,,,,,,,,
,,1303,Malacatancito,,,,,,,,,
,,1304,Cuilco,,,,,,,,,
,,1305,Nentón,,,,,,,,,
,,1306,San Pedro Necta,,,,,,,,,
,,1307,Jacaltenango,,,,,,,,,
,,1308,Soloma,,,,,,,,,
,,1309,Ixtahuacán,,,,,,,,,
,,1310,Santa Bárbara,,,,,,,,,
,,1311,La Libertad,,,,,,,,,
,,1312,La Democracia,,,,,,,,,
,,1313,San Miguel Acatán,,,,,,,,,
,,1314,San Rafael La Independencia,,,,,,,,,
,,1315,Todos Santos Cuchumatán,,,,,,,,,
,,1316,San Juan Atitán,,,,,,,,,
,,1317,Santa Eulalia,,,,,,,,,
,,1318,San Mateo Ixtatán,,,,,,,,,
,,1319,Colotenango,,,,,,,,,
,,1320,San Sebastián Huehuetenango,,,,,,,,,
,,1321,Tectitán,,,,,,,,,
,,1322,Concepción Huista,,,,,,,,,
,,1323,San Juan Ixcoy,,,,,,,,,
,,1324,San Antonio Huista,,,,,,,,,
,,1325,San Sebastián Coatán,,,,,,,,,
,,1326,Barillas,,,,,,,,,
,,1327,Aguacatán,,,,,,,,,
,,1328,San Rafael Petzal,,,,,,,,,
,,1329,San Gaspar Ixchil,,,,,,,,,
,,1330,Santiago Chimaltenango,,,,,,,,,
,,1331,Santa Ana Huista,,,,,,,,,
,,1332,Unión Cantinil,,,,,,,,,
,,1333,Petatán,,,,,,,,,
,,1401,Santa Cruz del Quiché,,,,,,,,,
,,1402,Chiché,,,,,,,,,
,,1403,Chinique,,,,,,,,,
,,1404,Zacualpa,,,,,,,,,
,,1405,Chajul,,,,,,,,,
,,1406,Chichicastenango,,,,,,,,,
,,1407,Patzité,,,,,,,,,
,,1408,San Antonio Ilotenango,,,,,,,,,
,,1409,San Pedro Jocopilas,,,,,,,,,
,,1410,Cunén,,,,,,,,,
,,1411,San Juan Cotzal,,,,,,,,,
,,1412,Joyabaj,,,,,,,,,
,,1413,Nebaj,,,,,,,,,
,,1414,San Andrés Sajcabajá,,,,,,,,,
,,1415,Uspantán,,,,,,,,,
,,1416,Sacapulas,,,,,,,,,
,,1417,San Bartolomé Jocotenango,,,,,,,,,
,,1418,Canillá,,,,,,,,,
,,1419,Chicamán,,,,,,,,,
,,1420,Ixcán,,,,,,,,,
,,1421,Pachalum,,,,,,,,,
,,1501,Salamá,,,,,,,,,
,,1502,San Miguel Chicaj,,,,,,,,,
,,1503,Rabinal,,,,,,,,,
,,1504,Cubulco,,,,,,,,,
,,1505,Granados,,,,,,,,,
,,1506,El Chol,,,,,,,,,
,,1507,San Jerónimo,,,,,,,,,
,,1508,Purulhá,,,,,,,,,
,,1601,Cobán,,,,,,,,,
,,1602,Santa Cruz Verapaz,,,,,,,,,
,,1603,San Cristóbal Verapaz,,,,,,,,,
,,1604,Tactic,,,,,,,,,
,,1605,Tamahú,,,,,,,,,
,,1606,Tucurú,,,,,,,,,
,,1607,Panzós,,,,,,,,,
,,1608,Senahú,,,,,,,,,
,,1609,San Pedro Carchá,,,,,,,,,
,,1610,San Juan Chamelco,,,,,,,,,
,,1611,Lanquín,,,,,,,,,
,,1612,Cahabón,,,,,,,,,
,,1613,Chisec,,,,,,,,,
,,1614,Chahal,,,,,,,,,
,,1615,Fray Bartolomé de Las Casas,,,,,,,,,
,,1616,Santa Catalina la Tinta,,,,,,,,,
,,1617,Raxruhá,,,,,,,,,
,,1701,Flores,,,,,,,,,
,,1702,San José,,,,,,,,,
,,1703,San Benito,,,,,,,,,
,,1704,San Andrés,,,,,,,,,
,,1705,La Libertad,,,,,,,,,
,,1706,San Francisco,,,,,,,,,
,,1707,Santa Ana,,,,,,,,,
,,1708,Dolores,,,,,,,,,
,,1709,San Luis,,,,,,,,,
,,1710,Sayaxché,,,,,,,,,
,,1711,Melchor de Mencos,,,,,,,,,
,,1712,Poptún,,,,,,,,,
,,1713,Las Cruces,,,,,,,,,
,,1714,El Chal,,,,,,,,,
,,1801,Puerto Barrios,,,,,,,,,
,,1802,Livingston,,,,,,,,,
,,1803,El Estor,,,,,,,,,
,,1804,Morales,,,,,,,,,
,,1805,Los Amates,,,,,,,,,
,,1901,Zacapa,,,,,,,,,
,,1902,Estanzuela,,,,,,,,,
,,1903,Río Hondo,,,,,,,,,
,,1904,Gualán,,,,,,,,,
,,1905,Teculután,,,,,,,,,
,,1906,Usumatlán,,,,,,,,,
,,1907,Cabañas,,,,,,,,,
,,1908,San Diego,,,,,,,,,
,,1909,La Unión,,,,,,,,,
,,1910,Huité,,,,,,,,,
,,1911,San Jorge,,,,,,,,,
,,2001,Chiquimula,,,,,,,,,
,,2002,San José La Arada,,,,,,,,,
,,2003,San Juan Erminta,,,,,,,,,
,,2004,Jocotán,,,,,,,,,
,,2005,Camotán,,,,,,,,,
,,2006,Olopa,,,,,,,,,
,,2007,Esquipulas,,,,,,,,,
,,2008,Concepción Las Minas,,,,,,,,,
,,2009,Quetzaltepeque,,,,,,,,,
,,2010,San Jacinto,,,,,,,,,
,,2011,Ipala,,,,,,,,,
,,2101,Jalapa,,,,,,,,,
,,2102,San Pedro Pinula,,,,,,,,,
,,2103,San Luis Jilotepeque,,,,,,,,,
,,2104,San Manuel Chaparrón,,,,,,,,,
,,2105,San Carlos Alzatate,,,,,,,,,
,,2106,Monjas,,,,,,,,,
,,2107,Mataquescuintla,,,,,,,,,
,,2201,Jutiapa,,,,,,,,,
,,2202,El Progreso,,,,,,,,,
,,2203,Santa Catarina Mita,,,,,,,,,
,,2204,Agua Blanca,,,,,,,,,
,,2205,Asunción Mita,,,,,,,,,
,,2206,Yupiltepeque,,,,,,,,,
,,2207,Atescatempa,,,,,,,,,
,,2208,Jerez,,,,,,,,,
,,2209,El Adelanto,,,,,,,,,
,,2210,Zapotitlán,,,,,,,,,
,,2211,Comapa,,,,,,,,,
,,2212,Jalpatagua,,,,,,,,,
,,2213,Conguaco,,,,,,,,,
,,2214,Moyuta,,,,,,,,,
,,2215,Pasaco,,,,,,,,,
,,2216,San José Acatempa,,,,,,,,,
,,2217,Quesada,,,,,,,,,
,,,,,,,,,,,,
QUIEN_REPORTA,Persona que reporta el hecho,1,Víctima,,,,,,,,,
,,2,Familiar de la víctima,,,,,,,,,
,,3,Otro,,,,,,,,,
,,9,Ignorado,,,,,,,,,
,,,,,,,,,,,,
DATOS GENERALES DE LA VÍCTIMA,,,,,,,,,,,,
,,,,,,,,,,,,
VIC_SEXO,Sexo de la víctima,1,Hombre,,,,,,,,,
,,2,Mujer,,,,,,,,,
,,,,,,,,,,,,
VIC_EDAD,Edad de la víctima,1 a 98,Edad de la víctima,,,,,,,,,
,,99,Edad ignorada de la víctima,,,,,,,,,
,,,,,,,,,,,,
TOTAL_HIJOS,Suma  de hijos hombres e hijas mujeres,00 a 20,Total de hijos e Hijas,,,,,,,,,
,,99,Ignorado,,,,,,,,,
,,,,,,,,,,,,
NUM_HIJ_HOM,Número de hijos hombres de la víctima,00 a 20,Hijos hombres,,,,,,,,,
,,99,Ignorado,,,,,,,,,
,,,,,,,,,,,,
NUM_HIJ_MUJ,Número de hijas mujeres de la víctima,00 a 20,Hijas mujeres,,,,,,,,,
,,99,Ignorado,,,,,,,,,
,,,,,,,,,,,,
VIC_ALFAB,Sabe leer y escribir,1,Alfabeta,,,,,,,,,
,,2,Analfabeta,,,,,,,,,
,,9,Ignorado,,,,,,,,,
,,,,,,,,,,,,
VIC_ESCOLARIDAD,Nivel de escolaridad de la víctima,10,Ninguno,,,,,,,,,
,,21 a 26,Primero a sexto primaria,,,,,,,,,
,,29,Primaria (grado ignorado),,,,,,,,,
,,31 a 33,Primero a tercero básico,,,,,,,,,
,,39,Básico (grado ignorado),,,,,,,,,
,, 44 a 46,Cuarto a sexto diversificado,,,,,,,,,
,,49,Diversificado (grado ignorado),,,,,,,,,
,,51 a  57,Primer año a séptimo universitario (Incluye maestría),,,,,,,,,
,,59,Universitario (año ignorado),,,,,,,,,
,,99,Ignorado (tanto nivel como grado),,,,,,,,,
,,,,,,,,,,,,
VIC_EST_CIV,Estado conyugal de la víctima,1,Soltero(a) ,,,,,,,,,
,,2,Casado(a) ,,,,,,,,,
,,3,Unido(a) (Unión declarada o no),,,,,,,,,
,,4,Viudo(a) ,,,,,,,,,
,,5,Otro,,,,,,,,,
,,9,Ignorado,,,,,,,,,
,,,,,,,,,,,,
VIC_GRUPET,Pueblo de pertenencia de la víctima,1,Ladino,,,,,,,,,
,,2,Maya,,,,,,,,,
,,3,Garífuna,,,,,,,,,
,,4,Xinka,,,,,,,,,
,,5,Otro,,,,,,,,,
,,6,No indica,,,,,,,,,
,,9,Ignorado,,,,,,,,,
,,,,,,,,,,,,
VIC_NACIONAL,Nacionalidad de la víctima,1,Guatemalteca,,,,,,,,,
,,2,Extranjera,,,,,,,,,
,,9,Ignorado,,,,,,,,,
,,,,,,,,,,,,
VIC_TRABAJA,Condición de empleo de la víctima,1,Si trabaja por un salario o ingreso,,,,,,,,,
,,2,No trabaja por un salario o ingreso,,,,,,,,,
,,9,Ignorado,,,,,,,,,
,,,,,,,,,,,,
VIC_OCUP,"Ocupación de la víctima (con salario o ingreso dentro o fuera de la casa), Clasificación Internacional Uniforme de Ocupaciones -CIUO- 08",1111,Miembros del poder legislativo,,,,,,,,,
,,1112,Personal directivo de la administración pública,,,,,,,,,
,,1113,Jefes de pequeñas poblaciones,,,,,,,,,
,,1114,Dirigentes de organizaciones que presentan un interés especial,,,,,,,,,
,,1120,Directores generales y gerentes generales,,,,,,,,,
,,1211,Directores financieros,,,,,,,,,
,,1212,Directores de recursos humanos,,,,,,,,,
,,1213,Directores de políticas y planificación,,,,,,,,,
,,1219,Directores de administración y servicios no clasificados bajo otros epígrafes,,,,,,,,,
,,1221,Directores de ventas y comercialización,,,,,,,,,
,,1222,Directores de publicidad y relaciones públicas,,,,,,,,,
,,1223,Directores de investigación y desarrollo,,,,,,,,,
,,1311,Directores de producción agropecuaria y silvicultura,,,,,,,,,
,,1312,Directores de producción de piscicultura y pesca,,,,,,,,,
,,1321,Directores de industrias manufactureras,,,,,,,,,
,,1322,Directores de explotaciones de minería,,,,,,,,,
,,1323,Directores de empresas de construcción,,,,,,,,,
,,1324,"Directores de empresas de abastecimiento, distribución y afines",,,,,,,,,
,,1330,Directores de servicios de tecnología de la información y las comunicaciones,,,,,,,,,
,,1341,Directores de servicios de cuidados infantiles,,,,,,,,,
,,1342,Directores de servicios de salud,,,,,,,,,
,,1343,Directores de servicios de cuidado de las personas de edad,,,,,,,,,
,,1344,Directores de servicios de bienestar social,,,,,,,,,
,,1345,Directores de servicios de educación,,,,,,,,,
,,1346,"Gerentes de sucursales de bancos, de servicios financieros y de seguros",,,,,,,,,
,,1349,Directores y gerentes de servicios profesionales no clasificados bajo otros epígrafes,,,,,,,,,
,,1411,Gerentes de hoteles,,,,,,,,,
,,1412,Gerentes de restaurantes,,,,,,,,,
,,1420,Gerentes de comercios al por mayor y al por menor,,,,,,,,,
,,1431,"Gerentes de centros deportivos, de esparcimiento y culturales",,,,,,,,,
,,1439,Gerentes de servicios no clasificados bajo otros epígrafes,,,,,,,,,
,,2111,Físicos y astrónomos,,,,,,,,,
,,2112,Meteorólogos,,,,,,,,,
,,2113,Químicos,,,,,,,,,
,,2114,Geólogos y geofísicos,,,,,,,,,
,,2120,"Matemáticos, actuarios y estadísticos",,,,,,,,,
,,2131,"Biólogos, botánicos, zoólogos y afines",,,,,,,,,
,,2132,Agrónomos y afines,,,,,,,,,
,,2133,Profesionales de la protección medioambiental,,,,,,,,,
,,2141,Ingenieros industriales y de producción,,,,,,,,,
,,2142,Ingenieros civiles,,,,,,,,,
,,2143,Ingenieros medioambientales,,,,,,,,,
,,2144,Ingenieros mecánicos,,,,,,,,,
,,2145,Ingenieros químicos,,,,,,,,,
,,2146,"Ingenieros de minas, metalúrgicos y afines",,,,,,,,,
,,2149,Ingenieros no clasificados bajo otros epígrafes,,,,,,,,,
,,2151,Ingenieros electricistas,,,,,,,,,
,,2152,Ingenieros electrónicos,,,,,,,,,
,,2153,Ingenieros en telecomunicaciones,,,,,,,,,
,,2161,Arquitectos,,,,,,,,,
,,2162,Arquitectos paisajistas,,,,,,,,,
,,2163,Diseñadores de productos y de prendas,,,,,,,,,
,,2164,Urbanistas e ingenieros de tránsito,,,,,,,,,
,,2165,Cartógrafos y agrimensores,,,,,,,,,
,,2166,Diseñadores gráficos y multimedia,,,,,,,,,
,,2211,Médicos generales,,,,,,,,,
,,2212,Médicos especialistas,,,,,,,,,
,,2221,Profesionales de enfermería,,,,,,,,,
,,2222,Profesionales de partería,,,,,,,,,
,,2230,Profesionales de medicina tradicional y alternativa,,,,,,,,,
,,2240,Practicantes paramédicos,,,,,,,,,
,,2250,Veterinarios,,,,,,,,,
,,2261,Dentistas,,,,,,,,,
,,2262,Farmacéuticos,,,,,,,,,
,,2263,Profesionales de la salud y la higiene laboral y ambiental,,,,,,,,,
,,2264,Fisioterapeutas,,,,,,,,,
,,2265,Dietistas y nutricionistas,,,,,,,,,
,,2266,Audiólogos y logopedas,,,,,,,,,
,,2267,Optometristas,,,,,,,,,
,,2269,Profesionales de la salud no clasificados bajo otros epígrafes,,,,,,,,,
,,2310,Profesores de universidades y de la enseñanza superior,,,,,,,,,
,,2320,Profesores de formación profesional,,,,,,,,,
,,2330,Profesores de enseñanza secundaria,,,,,,,,,
,,2341,Maestros de enseñanza primaria,,,,,,,,,
,,2342,Maestros preescolares,,,,,,,,,
,,2351,Especialistas en métodos pedagógicos,,,,,,,,,
,,2352,Educadores para necesidades especiales,,,,,,,,,
,,2353,Otros profesores de idiomas,,,,,,,,,
,,2354,Otros profesores de música,,,,,,,,,
,,2355,Otros profesores de artes,,,,,,,,,
,,2356,Instructores en tecnología de la información,,,,,,,,,
,,2359,Profesionales de la enseñanza no clasificados bajo otros epígrafes,,,,,,,,,
,,2411,Contables,,,,,,,,,
,,2412,Asesores financieros y en inversiones,,,,,,,,,
,,2413,Analistas financieros,,,,,,,,,
,,2421,Analistas de gestión y organización,,,,,,,,,
,,2422,Especialistas en políticas de administración,,,,,,,,,
,,2423,Especialistas en políticas y servicios de personal y afines,,,,,,,,,
,,2424,Especialistas en formación del personal,,,,,,,,,
,,2431,Profesionales de la publicidad y la comercialización,,,,,,,,,
,,2432,Profesionales de relaciones públicas,,,,,,,,,
,,2433,Profesionales de ventas técnicas y médicas (excluyendo la TIC),,,,,,,,,
,,2434,Profesionales de ventas de tecnología de la información y las comunicaciones,,,,,,,,,
,,2511,Analistas de sistemas,,,,,,,,,
,,2512,Desarrolladores de software,,,,,,,,,
,,2513,Desarrolladores web y multimedia,,,,,,,,,
,,2514,Programadores de aplicaciones,,,,,,,,,
,,2519,Desarrolladores y analistas de software y multimedia y analistas no clasificados bajo otros epígrafes,,,,,,,,,
,,2521,Diseñadores y administradores de bases de datos,,,,,,,,,
,,2522,Administradores de sistemas,,,,,,,,,
,,2523,Profesionales en redes de computadores,,,,,,,,,
,,2529,Especialistas en bases de datos y en redes de computadores no clasificados bajo otros epígrafes,,,,,,,,,
,,2611,Abogados,,,,,,,,,
,,2612,Jueces,,,,,,,,,
,,2619,Profesionales en derecho no clasificados bajo otros epígrafes,,,,,,,,,
,,2621,Archivistas y curadores de museos,,,,,,,,,
,,2622,"Bibliotecarios, documentalistas y afines",,,,,,,,,
,,2631,Economistas,,,,,,,,,
,,2632,"Sociólogos, antropólogos y afines",,,,,,,,,
,,2633,"Filósofos, historiadores y especialistas en ciencias políticas",,,,,,,,,
,,2634,Psicólogos,,,,,,,,,
,,2635,Profesionales del trabajo social,,,,,,,,,
,,2636,Profesionales religiosos,,,,,,,,,
,,2641,Autores y otros escritores,,,,,,,,,
,,2642,Periodistas,,,,,,,,,
,,2643,"Traductores, intérpretes y lingüistas",,,,,,,,,
,,2651,Artistas de artes plásticas,,,,,,,,,
,,2652,"Músicos, cantantes y compositores",,,,,,,,,
,,2653,Bailarines y coreógrafos,,,,,,,,,
,,2654,"Directores de cine, de teatro y afines",,,,,,,,,
,,2655,Actores,,,,,,,,,
,,2656,"Locutores de radio, televisión y otros medios de comunicación",,,,,,,,,
,,2659,Artistas creativos e interpretativos no clasificados bajo otros epígrafes,,,,,,,,,
,,3111,Técnicos en ciencias físicas y químicas,,,,,,,,,
,,3112,Técnicos en ingeniería civil,,,,,,,,,
,,3113,Electrotécnicos,,,,,,,,,
,,3114,Técnicos en electrónica,,,,,,,,,
,,3115,Técnicos en ingeniería mecánica,,,,,,,,,
,,3116,Técnicos en química industrial,,,,,,,,,
,,3117,Técnicos en ingeniería de minas y metalurgia,,,,,,,,,
,,3118,Delineantes y dibujantes técnicos,,,,,,,,,
,,3119,Técnicos en ciencias físicas y en ingeniería no clasificados bajo otros epígrafes,,,,,,,,,
,,3121,Supervisores en ingeniería de minas,,,,,,,,,
,,3122,Supervisores de industrias manufactureras,,,,,,,,,
,,3123,Supervisores de la construcción,,,,,,,,,
,,3131,Operadores de instalaciones de producción de energía,,,,,,,,,
,,3132,"Operadores de incineradores, instalaciones de tratamiento de agua y afines",,,,,,,,,
,,3133,Controladores de instalaciones de procesamiento de productos químicos,,,,,,,,,
,,3134,Operadores de instalaciones de refinación de petróleo y gas natural,,,,,,,,,
,,3135,Controladores de procesos de producción de metales,,,,,,,,,
,,3139,Técnicos en control de procesos no clasificados bajo otros epígrafes,,,,,,,,,
,,3141,Técnicos en ciencias biológicas (excluyendo la medicina),,,,,,,,,
,,3142,Técnicos agropecuarios,,,,,,,,,
,,3143,Técnicos forestales,,,,,,,,,
,,3151,Oficiales maquinistas en navegación,,,,,,,,,
,,3152,"Capitanes, oficiales de cubierta y prácticos",,,,,,,,,
,,3153,Pilotos de aviación y afines,,,,,,,,,
,,3154,Controladores de tráfico aéreo,,,,,,,,,
,,3155,Técnicos en seguridad aeronáutica,,,,,,,,,
,,3211,Técnicos en aparatos de diagnóstico y tratamiento médico,,,,,,,,,
,,3212,Técnicos de laboratorios médicos,,,,,,,,,
,,3213,Técnicos y asistentes farmacéuticos,,,,,,,,,
,,3214,Técnicos de prótesis médicas y dentales,,,,,,,,,
,,3221,Profesionales de nivel medio de enfermería,,,,,,,,,
,,3222,Profesionales de nivel medio de partería,,,,,,,,,
,,3230,Profesionales de nivel medio de medicina tradicional y alternativa,,,,,,,,,
,,3240,Técnicos y asistentes veterinarios,,,,,,,,,
,,3251,Dentistas auxiliares y ayudantes de odontología,,,,,,,,,
,,3252,Técnicos en documentación sanitaria,,,,,,,,,
,,3253,Trabajadores comunitarios de la salud,,,,,,,,,
,,3254,Técnicos en optometría y ópticos,,,,,,,,,
,,3255,Técnicos y asistentes fisioterapeutas,,,,,,,,,
,,3256,Practicantes y asistentes médicos,,,,,,,,,
,,3257,"Inspectores de la salud laboral, medioambiental y afines",,,,,,,,,
,,3258,Ayudantes de ambulancias,,,,,,,,,
,,3259,Profesionales de la salud de nivel medio no clasificados bajo otros epígrafes,,,,,,,,,
,,3311,"Agentes de bolsa, cambio y otros servicios financieros",,,,,,,,,
,,3312,Oficiales de préstamos y créditos,,,,,,,,,
,,3313,Tenedores de libros,,,,,,,,,
,,3314,"Profesionales de nivel medio de servicios estadísticos, matemáticos y afines",,,,,,,,,
,,3315,Tasadores,,,,,,,,,
,,3321,Agentes de seguros,,,,,,,,,
,,3322,Representantes comerciales,,,,,,,,,
,,3323,Agentes de compras,,,,,,,,,
,,3324,Agentes de compras y consignatarios,,,,,,,,,
,,3331,Declarantes o gestores de aduana,,,,,,,,,
,,3332,Organizadores de conferencias y eventos,,,,,,,,,
,,3333,Agentes de empleo y contratistas de mano de obra,,,,,,,,,
,,3334,Agentes inmobiliarios,,,,,,,,,
,,3339,Agentes de servicios comerciales no clasificados bajo otros epígrafes,,,,,,,,,
,,3341,Supervisores de secretaría,,,,,,,,,
,,3342,Secretarios jurídicos,,,,,,,,,
,,3343,Secretarios administrativos y ejecutivos,,,,,,,,,
,,3344,Secretarios médicos,,,,,,,,,
,,3351,Agentes de aduana e inspectores de fronteras,,,,,,,,,
,,3352,Agentes de administración tributaria,,,,,,,,,
,,3353,Agentes de servicios de seguridad social,,,,,,,,,
,,3354,Agentes de servicios de expedición de licencias y permisos,,,,,,,,,
,,3355,Inspectores de policía y detectives,,,,,,,,,
,,3359,Agentes de la administración pública para la aplicación de la ley y afines no clasificados bajo otros epígrafes,,,,,,,,,
,,3411,Profesionales de nivel medio del derecho y servicios legales y afines,,,,,,,,,
,,3412,Trabajadores y asistentes sociales de nivel medio,,,,,,,,,
,,3413,Auxiliares laicos de las religiones,,,,,,,,,
,,3421,Atletas y deportistas,,,,,,,,,
,,3422,"Entrenadores, instructores y árbitros de actividades deportivas",,,,,,,,,
,,3423,Instructores de educación física y actividades recreativas,,,,,,,,,
,,3431,Fotógrafos,,,,,,,,,
,,3432,Diseñadores y decoradores de interior,,,,,,,,,
,,3433,"Técnicos en galerías de arte, museos y bibliotecas",,,,,,,,,
,,3434,Chefs,,,,,,,,,
,,3435,Otros profesionales de nivel medio en actividades culturales y artistas,,,,,,,,,
,,3511,Técnicos en operaciones de tecnología de la información y las comunicaciones,,,,,,,,,
,,3512,Técnicos en asistencia al usuario de tecnología de la información y las comunicaciones,,,,,,,,,
,,3513,Técnicos en redes y sistemas de computadores,,,,,,,,,
,,3514,Técnicos de la web,,,,,,,,,
,,3521,Técnicos de radiodifusión y grabación audio visual,,,,,,,,,
,,3522,Técnicos de ingeniería de las telecomunicaciones,,,,,,,,,
,,4110,Oficinistas generales,,,,,,,,,
,,4120,Secretarios (general),,,,,,,,,
,,4131,Operadores de máquinas de procesamiento de texto y mecanógrafos,,,,,,,,,
,,4132,Grabadores de datos,,,,,,,,,
,,4211,Cajeros de bancos y afines,,,,,,,,,
,,4212,Receptores de apuestas y afines,,,,,,,,,
,,4213,Prestamistas,,,,,,,,,
,,4214,Cobradores y afines,,,,,,,,,
,,4221,Empleados de agencias de viajes,,,,,,,,,
,,4222,Empleados de centros de llamadas,,,,,,,,,
,,4223,Telefonistas,,,,,,,,,
,,4224,Recepcionistas de hoteles,,,,,,,,,
,,4225,Empleados de ventanillas de informaciones,,,,,,,,,
,,4226,Recepcionistas (general),,,,,,,,,
,,4227,Entrevistadores de encuestas y de investigaciones de mercados,,,,,,,,,
,,4229,Empleados de servicios de información al cliente no clasificados bajo otros epígrafes,,,,,,,,,
,,4311,Empleados de contabilidad y cálculo de costos,,,,,,,,,
,,4312,"Empleados de servicios estadísticos, financieros y de seguros",,,,,,,,,
,,4313,Empleados encargados de las nóminas,,,,,,,,,
,,4321,Empleados de control de abastecimientos e inventario,,,,,,,,,
,,4322,Empleados de servicios de apoyo a la producción,,,,,,,,,
,,4323,Empleados de servicios de transporte,,,,,,,,,
,,4411,Empleados de bibliotecas,,,,,,,,,
,,4412,Empleados de servicios de correos,,,,,,,,,
,,4413,"Codificadores de datos, correctores de pruebas de imprenta y afines",,,,,,,,,
,,4414,Escribientes públicos y afines,,,,,,,,,
,,4415,Empleados de archivos,,,,,,,,,
,,4416,Empleados del servicio de personal,,,,,,,,,
,,4419,Personal de apoyo administrativo no clasificado bajo otros epígrafes,,,,,,,,,
,,5111,Auxiliares de servicio de abordo,,,,,,,,,
,,5112,Revisores y cobradores de los transportes públicos,,,,,,,,,
,,5113,Guías de turismo,,,,,,,,,
,,5120,Cocineros,,,,,,,,,
,,5131,Camareros de mesas,,,,,,,,,
,,5132,Camareros de barra,,,,,,,,,
,,5141,Peluqueros,,,,,,,,,
,,5142,Especialistas en tratamientos de belleza y afines,,,,,,,,,
,,5151,"Supervisores de mantenimiento y limpieza en oficinas, hoteles y otros establecimientos",,,,,,,,,
,,5152,Ecónomos y mayordomos domésticos,,,,,,,,,
,,5153,Conserjes,,,,,,,,,
,,5161,"Astrólogos, adivinadores y afines",,,,,,,,,
,,5162,Acompañantes y ayudantes de cámara,,,,,,,,,
,,5163,Personal de pompas fúnebres y embalsamadores,,,,,,,,,
,,5164,Cuidadores de animales,,,,,,,,,
,,5165,Instructores de autoescuela,,,,,,,,,
,,5169,Trabajadores de servicios personales no clasificados bajo otros epígrafes,,,,,,,,,
,,5211,Vendedores de quioscos y de puestos de mercado,,,,,,,,,
,,5212,Vendedores ambulantes de productos comestibles,,,,,,,,,
,,5221,Comerciantes de tiendas,,,,,,,,,
,,5222,Supervisores de tiendas y almacenes,,,,,,,,,
,,5223,Asistentes de venta de tiendas y almacenes,,,,,,,,,
,,5230,Cajeros y expendedores de billetes,,,,,,,,,
,,5241,"Modelos de moda, arte y publicidad",,,,,,,,,
,,5242,Demostradores de tiendas,,,,,,,,,
,,5243,Vendedores puerta a puerta,,,,,,,,,
,,5244,Vendedores por teléfono,,,,,,,,,
,,5245,Expendedores de gasolineras,,,,,,,,,
,,5246,Vendedores de comidas al mostrador,,,,,,,,,
,,5249,Vendedores no clasificados bajo otros epígrafes,,,,,,,,,
,,5311,Cuidadores de niños,,,,,,,,,
,,5312,Auxiliares de maestros,,,,,,,,,
,,5321,Trabajadores de los cuidados personales en instituciones,,,,,,,,,
,,5322,Trabajadores de los cuidados personales a domicilio,,,,,,,,,
,,5329,Trabajadores de los cuidados personales en servicios de salud no clasificados bajo otros epígrafes,,,,,,,,,
,,5411,Bomberos,,,,,,,,,
,,5412,Policías,,,,,,,,,
,,5413,Guardianes de prisión,,,,,,,,,
,,5414,Guardias de protección,,,,,,,,,
,,5419,Personal de los servicios de protección no clasificados bajo otros epígrafes,,,,,,,,,
,,6111,Agricultores y trabajadores calificados de cultivos extensivos,,,,,,,,,
,,6112,Agricultores y trabajadores calificados de plantaciones de árboles y arbustos,,,,,,,,,
,,6113,"Agricultores y trabajadores calificados de huertas, invernaderos, viveros y jardines",,,,,,,,,
,,6114,Agricultores y trabajadores calificados de cultivos mixtos ,,,,,,,,,
,,6121,Criadores de ganado,,,,,,,,,
,,6122,Avicultores y trabajadores calificados de la avicultura,,,,,,,,,
,,6123,Apicultores y sericultores y trabajadores calificados de la apicultura y la sericultura,,,,,,,,,
,,6129,Criadores y trabajadores pecuarios calificados de la cría de animales no clasificados bajo otros epígrafes,,,,,,,,,
,,6130,Productores y trabajadores calificados de explotaciones agropecuarias mixtas cuya producción se destina al mercado,,,,,,,,,
,,6210,Trabajadores forestales calificados y afines,,,,,,,,,
,,6221,Trabajadores de explotaciones de acuicultura,,,,,,,,,
,,6222,Pescadores de agua dulce y en aguas costeras,,,,,,,,,
,,6223,Pescadores de alta mar,,,,,,,,,
,,6224,Cazadores y tramperos,,,,,,,,,
,,6310,Trabajadores agrícolas de subsistencia,,,,,,,,,
,,6320,Trabajadores pecuarios de subsistencia,,,,,,,,,
,,6330,Trabajadores agropecuarios de subsistencia,,,,,,,,,
,,6340,"Pescadores, cazadores, tramperos y recolectores de subsistencia",,,,,,,,,
,,7111,Constructores de casas,,,,,,,,,
,,7112,Albañiles,,,,,,,,,
,,7113,"Mamposteros, tronzadores, labrantes y grabadores de piedra",,,,,,,,,
,,7114,"Operarios en cemento armado, enfoscadores y afines",,,,,,,,,
,,7115,Carpinteros de armar y de obra blanca,,,,,,,,,
,,7119,Oficiales y operarios de la construcción (obra gruesa) y afines no clasificados bajo otros epígrafes,,,,,,,,,
,,7121,Techadores,,,,,,,,,
,,7122,Parqueteros y colocadores de suelos,,,,,,,,,
,,7123,Revocadores,,,,,,,,,
,,7124,Instaladores de material aislante y de insonorización,,,,,,,,,
,,7125,Cristaleros,,,,,,,,,
,,7126,Fontaneros e instaladores de tuberías,,,,,,,,,
,,7127,Mecánicos-montadores de instalaciones de refrigeración y climatización,,,,,,,,,
,,7131,Pintores y empapeladores,,,,,,,,,
,,7132,Barnizadores y afines,,,,,,,,,
,,7133,Limpiadores de fachadas y deshollinadores,,,,,,,,,
,,7211,Moldeadores y macheros,,,,,,,,,
,,7212,Soldadores y oxicortadores,,,,,,,,,
,,7213,Chapistas y caldereros,,,,,,,,,
,,7214,Montadores de estructuras metálicas,,,,,,,,,
,,7215,Aparejadores y empalmadores de cables,,,,,,,,,
,,7221,Herreros y forjadores,,,,,,,,,
,,7222,Herramentistas y afines,,,,,,,,,
,,7223,Reguladores y operadores de máquinas herramientas,,,,,,,,,
,,7224,Pulidores de metales y afiladores de herramientas,,,,,,,,,
,,7231,Mecánicos y reparadores de vehículos de motor,,,,,,,,,
,,7232,Mecánicos y reparadores de motores de avión,,,,,,,,,
,,7233,Mecánicos y reparadores de máquinas agrícolas e industriales,,,,,,,,,
,,7234,Reparadores de bicicletas y afines,,,,,,,,,
,,7311,Mecánicos y reparadores de instrumentos de precisión,,,,,,,,,
,,7312,Fabricantes y afinadores de instrumentos musicales,,,,,,,,,
,,7313,"Joyeros, orfebres y plateros",,,,,,,,,
,,7314,"Alfareros y afines (barro, arcilla y abrasivos)",,,,,,,,,
,,7315,"Sopladores, modeladores, laminadores, cortadores y pulidores de vidrio",,,,,,,,,
,,7316,"Redactores de carteles, pintores decorativos y grabadores",,,,,,,,,
,,7317,"Artesanos en madera, cestería y materiales similares",,,,,,,,,
,,7318,"Artesanos de los tejidos, el cuero y materiales similares",,,,,,,,,
,,7319,Artesanos no clasificados bajo otros epígrafes,,,,,,,,,
,,7321,"Cajistas, tipógrafos y afines",,,,,,,,,
,,7322,Impresores,,,,,,,,,
,,7323,Encuadernadores y afines,,,,,,,,,
,,7411,Electricistas de obras y afines,,,,,,,,,
,,7412,Mecánicos y ajustadores electricistas,,,,,,,,,
,,7413,Instaladores y reparadores de líneas eléctricas,,,,,,,,,
,,7421,Mecánicos y reparadores en electrónica,,,,,,,,,
,,7422,Instaladores y reparadores en tecnología de la información y las comunicaciones,,,,,,,,,
,,7511,"Carniceros, pescaderos y afines",,,,,,,,,
,,7512,"Panaderos, pasteleros y confiteros",,,,,,,,,
,,7513,Operarios de la elaboración de productos lácteos,,,,,,,,,
,,7514,"Operarios de la conservación de frutas, legumbres, verduras y afines",,,,,,,,,
,,7515,Catadores y clasificadores de alimentos y bebidas,,,,,,,,,
,,7516,Preparadores y elaboradores de tabaco y sus productos,,,,,,,,,
,,7521,Operarios del tratamiento de la madera,,,,,,,,,
,,7522,Ebanistas y afines,,,,,,,,,
,,7523,Reguladores y operadores de máquinas de labrar madera,,,,,,,,,
,,7531,"Sastres, modistos, peleteros y sombrereros",,,,,,,,,
,,7532,Patronistas y cortadores de tela y afines,,,,,,,,,
,,7533,"Costureros, bordadores y afines",,,,,,,,,
,,7534,"Tapiceros, colchoneros y afines",,,,,,,,,
,,7535,"Apelambradores, pellejeros y curtidores",,,,,,,,,
,,7536,Zapateros y afines,,,,,,,,,
,,7541,Buzos,,,,,,,,,
,,7542,Dinamiteros y pegadores,,,,,,,,,
,,7543,Clasificadores y probadores de productos (excluyendo alimentos y bebidas),,,,,,,,,
,,7544,Fumigadores y otros controladores de plagas y malas hierbas,,,,,,,,,
,,7549,"Oficiales, operarios y artesanos de artes mecánicas y de otros oficios no clasificados bajo otros epígrafes",,,,,,,,,
,,8111,Mineros y operadores de instalaciones mineras,,,,,,,,,
,,8112,Operadores de instalaciones de procesamiento de minerales y rocas,,,,,,,,,
,,8113,Perforadores y sondistas de pozos y afines,,,,,,,,,
,,8114,Operadores de máquinas para fabricar cemento y otros productos minerales,,,,,,,,,
,,8121,Operadores de instalaciones de procesamiento de metales,,,,,,,,,
,,8122,"Operadores de máquinas pulidoras, galvanizadoras y recubridoras  de metales",,,,,,,,,
,,8131,Operadores de plantas y máquinas de productos químicos,,,,,,,,,
,,8132,Operadores de máquinas para fabricar productos fotográficos,,,,,,,,,
,,8141,Operadores de máquinas para fabricar productos de caucho,,,,,,,,,
,,8142,Operadores de máquinas para fabricar productos de material plástico,,,,,,,,,
,,8143,Operadores de máquinas para fabricar productos de papel,,,,,,,,,
,,8151,"Operadores de máquinas de preparación de fibras, hilado y devanado",,,,,,,,,
,,8152,Operadores de telares y otras máquinas tejedoras,,,,,,,,,
,,8153,Operadores de máquinas de coser,,,,,,,,,
,,8154,"Operadores de máquinas de blanqueamiento, teñido y limpieza de tejidos",,,,,,,,,
,,8155,Operadores de máquinas de tratamiento de pieles y cueros,,,,,,,,,
,,8156,Operadores de máquinas para la fabricación de calzado y afines,,,,,,,,,
,,8157,Operadores de máquinas lavarropas,,,,,,,,,
,,8159,Operadores de máquinas para fabricar productos textiles y artículos de piel y cuero no clasificados bajo otros epígrafes,,,,,,,,,
,,8160,Operadores de máquinas para elaborar alimentos y productos afines,,,,,,,,,
,,8171,Operadores de instalaciones para la preparación de pasta para papel y papel,,,,,,,,,
,,8172,Operadores de instalaciones de procesamiento de la madera,,,,,,,,,
,,8181,Operadores de instalaciones de vidriería y cerámica,,,,,,,,,
,,8182,Operadores de máquinas de vapor y calderas,,,,,,,,,
,,8183,"Operadores de máquinas de embalaje, embotellamiento y etiquetado",,,,,,,,,
,,8189,Operadores de máquinas y de instalaciones fijas no clasificados bajo otros epígrafes,,,,,,,,,
,,8211,Ensambladores de maquinaria mecánica,,,,,,,,,
,,8212,Ensambladores de equipos eléctricos y electrónicos,,,,,,,,,
,,8219,Ensambladores no clasificados bajo otros epígrafes,,,,,,,,,
,,8311,Maquinistas de locomotoras,,,,,,,,,
,,8312,"Guardafrenos, guardagujas y agentes de maniobras",,,,,,,,,
,,8321,Conductores de motocicletas,,,,,,,,,
,,8322,"Conductores de automóviles, taxis y camionetas",,,,,,,,,
,,8331,Conductores de autobuses y tranvías,,,,,,,,,
,,8332,Conductores de camiones pesados,,,,,,,,,
,,8341,Operadores de maquinaria agrícola y forestal móvil,,,,,,,,,
,,8342,Operadores de máquinas de movimiento de tierras y afines,,,,,,,,,
,,8343,"Operadores de grúas, aparatos elevadores y afines",,,,,,,,,
,,8344,Operadores de autoelevadoras,,,,,,,,,
,,8350,Marineros de cubierta y afines,,,,,,,,,
,,9111,Limpiadores y asistentes domésticos,,,,,,,,,
,,9112,"Limpiadores y asistentes de oficinas, hoteles y otros establecimientos",,,,,,,,,
,,9113,Personal doméstico,,,,,,,,,
,,9121,Lavanderos y planchadores manuales,,,,,,,,,
,,9122,Lavadores de vehículos,,,,,,,,,
,,9123,Lavadores de ventanas,,,,,,,,,
,,9129,Otro personal de limpieza,,,,,,,,,
,,9211,Peones de explotaciones agrícolas,,,,,,,,,
,,9212,Peones de explotaciones ganaderas,,,,,,,,,
,,9213,Peones de explotaciones de cultivos mixtos y ganaderos,,,,,,,,,
,,9214,Peones de jardinería y horticultura,,,,,,,,,
,,9215,Peones forestales,,,,,,,,,
,,9216,Peones de pesca y acuicultura,,,,,,,,,
,,9311,Peones de minas y canteras,,,,,,,,,
,,9312,Peones de obras públicas y mantenimiento,,,,,,,,,
,,9313,Peones de la construcción de edificios,,,,,,,,,
,,9321,Empacadores manuales,,,,,,,,,
,,9329,Peones de la industria manufacturera no clasificados bajo otros epígrafes,,,,,,,,,
,,9331,Conductores de vehículos accionados a pedal o a brazo,,,,,,,,,
,,9332,Conductores de vehículos y máquinas de tracción animal,,,,,,,,,
,,9333,Peones de carga,,,,,,,,,
,,9334,Reponedores de estanterías,,,,,,,,,
,,9411,Cocineros de comidas rápidas,,,,,,,,,
,,9412,Ayudantes de cocina,,,,,,,,,
,,9510,Trabajadores ambulantes de servicios y afines,,,,,,,,,
,,9520,Vendedores ambulantes (excluyendo de comida),,,,,,,,,
,,9611,Recolectores de basura y material reciclable,,,,,,,,,
,,9612,Clasificadores de desechos,,,,,,,,,
,,9613,Barrenderos y afines,,,,,,,,,
,,9621,"Mensajeros, mandaderos, maleteros y repartidores",,,,,,,,,
,,9622,Personas que realizan trabajos varios,,,,,,,,,
,,9623,Recolectores de dinero en aparatos de venta automática y lectores de medidores,,,,,,,,,
,,9624,Acarreadores de agua y recolectores de leña,,,,,,,,,
,,9629,Ocupaciones elementales no clasificadas bajo otros epígrafes,,,,,,,,,
,,´0110,Oficiales de las fuerzas armadas,,,,,,,,,
,,´0210,Suboficiales de las fuerzas armadas,,,,,,,,,
,,´0310,Otros miembros de las fuerzas armadas,,,,,,,,,
,,9998,Ocupaciones no especificadas en las anteriores,,,,,,,,,
,,9999,Ocupación ignorada,,,,,,,,,
,,,,,,,,,,,,
VIC_DEDICA,A que se dedica la víctima     (sin ingresos),1,Quehaceres del hogar,,,,,,,,,
,,2,Vive de su renta o jubilación ,,,,,,,,,
,,3,Estudiar,,,,,,,,,
,,4,Desempleado,,,,,,,,,
,,6,Otro,,,,,,,,,
,,9,Ignorado,,,,,,,,,
,,,,,,,,,,,,
VIC_DISC,Discapacidad de la víctima,1,Con discapacidad,,,,,,,,,
,,2,Sin discapacidad,,,,,,,,,
,,9,Ignorado,,,,,,,,,
,,,,,,,,,,,,
TIPO_DISCAQ,Tipo de discapacidad de la víctima,1,Ceguera,,,,,,,,,
,,2,Sordera,,,,,,,,,
,,3,Pérdida o discapacidad de las extremidades superiores,,,,,,,,,
,,4,Pérdida o discapacidad de las extremidades inferiores,,,,,,,,,
,,5,Deficiencia mental ,,,,,,,,,
,,6,Otra discapacidad ,,,,,,,,,
,,9,Ignorado,,,,,,,,,
,,,,,,,,,,,,
VIC_REL_AGR,Relación de la víctima con el agresor,1,Esposo/a,,,,,,,,,
,,2,Conviviente,,,,,,,,,
,,3,Exconviviente,,,,,,,,,
,,4,Hijos/a,,,,,,,,,
,,5,Hijastros/a,,,,,,,,,
,,6,Padre/Madre,,,,,,,,,
,,7,Nieto/a,,,,,,,,,
,,8,Suegro/a,,,,,,,,,
,,9,Hermano/a,,,,,,,,,
,,10,Otro pariente,,,,,,,,,
,,,,,,,,,,,,
OTRAS_VICTIMAS,Total otras víctimas,00 a 20,Total otras víctimas ,,,,,,,,,
,,99,Ignorado total otras víctimas,,,,,,,,,
VIC_OTRAS_HOM,Otras víctimas hombres        (de 13 años en adelante),00 a 09,Otras víctimas hombres,,,,,,,,,
,,99,Ignorado otras víctimas hombres,,,,,,,,,
VIC_OTRAS_MUJ,Otras víctimas mujeres          (de 13 años en adelante),00 a 09,Otras víctimas mujeres,,,,,,,,,
,,99,Ignorado otras víctimas víctimas,,,,,,,,,
VIC_OTRAS_N_OS,Otras víctimas niños              (de 00 a 12 años),00 a 09,Otras víctimas niños,,,,,,,,,
,,99,Ignorado otras víctimas niños,,,,,,,,,
VIC_OTRAS_N_AS,Otras víctimas niñas              (de 00 a 12 años),00 a 09,Otras víctimas niñas,,,,,,,,,
,,99,Ignorado otras víctimas niñas,,,,,,,,,
,,,,,,,,,,,,
DATOS DEL HECHO,,,,,,,,,,,,
,,,,,,,,,,,,
HEC_DIA,Día en que sucedió el hecho,1 a 31,día de ocurrencia ,,,,,,,,,
,,99,Ignorado,,,,,,,,,
,,,,,,,,,,,,
HEC_MES,Mes en que ocurrió el hecho,1,Enero,,,,,,,,,
,,2,Febrero,,,,,,,,,
,,3,Marzo,,,,,,,,,
,,4,Abril,,,,,,,,,
,,5,Mayo,,,,,,,,,
,,6,Junio,,,,,,,,,
,,7,Julio,,,,,,,,,
,,8,Agosto,,,,,,,,,
,,9,Septiembre,,,,,,,,,
,,10,Octubre,,,,,,,,,
,,11,Noviembre,,,,,,,,,
,,12,Diciembre,,,,,,,,,
,,99,Ignorado,,,,,,,,,
,,,,,,,,,,,,
HEC_ANO,Año en que ocurrió el hecho,2000,2000 en adelante (no puede ser superior al año de denuncia),,,,,,,,,
,,9999,Ignorado año de ocurrencia del hecho,,,,,,,,,
,,,,,,,,,,,,
HEC_DEPTOMCPIO,Departamento y municipio donde ocurrió el hecho,101,Guatemala,,,,,,,,,
,,102,Santa Catarina Pinula,,,,,,,,,
,,103,San José Pinula,,,,,,,,,
,,104,San José del Golfo,,,,,,,,,
,,105,Palencia,,,,,,,,,
,,106,Chinautla,,,,,,,,,
,,107,San Pedro Ayampuc,,,,,,,,,
,,108,Mixco,,,,,,,,,
,,109,San Pedro Sacatepéquez,,,,,,,,,
,,110,San Juan Sacatepéquez,,,,,,,,,
,,111,San Raymundo,,,,,,,,,
,,112,Chuarrancho,,,,,,,,,
,,113,Fraijanes,,,,,,,,,
,,114,Amatitlán,,,,,,,,,
,,115,Villa Nueva,,,,,,,,,
,,116,Villa Canales,,,,,,,,,
,,117,Petapa,,,,,,,,,
,,201,Guastatoya,,,,,,,,,
,,202,Morazán,,,,,,,,,
,,203,San Agustín Acasaguastlán,,,,,,,,,
,,204,San Cristóbal Acasaguastlán,,,,,,,,,
,,205,El Jícaro,,,,,,,,,
,,206,Sansare,,,,,,,,,
,,207,Sanarate,,,,,,,,,
,,208,San Antonio La Paz,,,,,,,,,
,,301,Antigua Guatemala,,,,,,,,,
,,302,Jocotenango,,,,,,,,,
,,303,Pastores,,,,,,,,,
,,304,Sumpango,,,,,,,,,
,,305,Santo Domingo Xenacoj,,,,,,,,,
,,306,Santiago Sacatepéquez,,,,,,,,,
,,307,San Bartolomé Milpas Altas,,,,,,,,,
,,308,San Lucas Sacatepéquez,,,,,,,,,
,,309,Santa Lucía Milpas Altas,,,,,,,,,
,,310,Magdalena Milpas Altas,,,,,,,,,
,,311,Santa María de Jesús,,,,,,,,,
,,312,Ciudad Vieja,,,,,,,,,
,,313,San Miguel Dueñas,,,,,,,,,
,,314,Alotenango,,,,,,,,,
,,315,San Antonio Aguas Calientes,,,,,,,,,
,,316,Santa Catarina Barahona,,,,,,,,,
,,401,Chimaltenango,,,,,,,,,
,,402,San José Poaquil,,,,,,,,,
,,403,San Martín Jilotepeque,,,,,,,,,
,,404,Comalapa,,,,,,,,,
,,405,Santa Apolonia,,,,,,,,,
,,406,Tecpán Guatemala,,,,,,,,,
,,407,Patzún,,,,,,,,,
,,408,Pochuta,,,,,,,,,
,,409,Patzicía,,,,,,,,,
,,410,Santa Cruz Balanyá,,,,,,,,,
,,411,Acatenango,,,,,,,,,
,,412,Yepocapa,,,,,,,,,
,,413,San Andrés Itzapa,,,,,,,,,
,,414,Parramos,,,,,,,,,
,,415,Zaragoza,,,,,,,,,
,,416,El Tejar,,,,,,,,,
,,501,Escuintla,,,,,,,,,
,,502,Santa Lucía Cotzumalguapa,,,,,,,,,
,,503,La Democracia,,,,,,,,,
,,504,Siquinalá,,,,,,,,,
,,505,Masagua,,,,,,,,,
,,506,Tiquisate,,,,,,,,,
,,507,La Gomera,,,,,,,,,
,,508,Guanagazapa,,,,,,,,,
,,509,San José,,,,,,,,,
,,510,Iztapa,,,,,,,,,
,,511,Palín,,,,,,,,,
,,512,San Vicente Pacaya,,,,,,,,,
,,513,Nueva Concepción,,,,,,,,,
,,514,Sipacate,,,,,,,,,
,,601,Cuilapa,,,,,,,,,
,,602,Barberena,,,,,,,,,
,,603,Santa Rosa de Lima,,,,,,,,,
,,604,Casillas,,,,,,,,,
,,605,San Rafael Las Flores,,,,,,,,,
,,606,Oratorio,,,,,,,,,
,,607,San Juan Tecuaco,,,,,,,,,
,,608,Chiquimulilla,,,,,,,,,
,,609,Taxisco,,,,,,,,,
,,610,Santa María Ixhuatán,,,,,,,,,
,,611,Guazacapán,,,,,,,,,
,,612,Santa Cruz Naranjo,,,,,,,,,
,,613,Pueblo Nuevo Viñas,,,,,,,,,
,,614,Nueva Santa Rosa,,,,,,,,,
,,701,Sololá,,,,,,,,,
,,702,San José Chacayá,,,,,,,,,
,,703,Santa María Visitación,,,,,,,,,
,,704,Santa Lucía Utatlán,,,,,,,,,
,,705,Nahualá,,,,,,,,,
,,706,Santa Catarina Ixtahuacán,,,,,,,,,
,,707,Santa Clara La Laguna,,,,,,,,,
,,708,Concepción,,,,,,,,,
,,709,San Andrés Semetabaj,,,,,,,,,
,,710,Panajachel,,,,,,,,,
,,711,Santa Catarina Palopó,,,,,,,,,
,,712,San Antonio Palopó,,,,,,,,,
,,713,San Lucas Toliman,,,,,,,,,
,,714,Santa Cruz La Laguna,,,,,,,,,
,,715,San Pablo La Laguna,,,,,,,,,
,,716,San Marcos La Laguna,,,,,,,,,
,,717,San Juan La Laguna,,,,,,,,,
,,718,San Pedro La Laguna,,,,,,,,,
,,719,Santiago Atitlán,,,,,,,,,
,,801,Totonicapán,,,,,,,,,
,,802,San Cristobal Totonicapán,,,,,,,,,
,,803,San Francisco El Alto,,,,,,,,,
,,804,San Andrés Xecul,,,,,,,,,
,,805,Momostenango,,,,,,,,,
,,806,Santa María Chiquimula,,,,,,,,,
,,807,Santa Lucía La Reforma,,,,,,,,,
,,808,San Bartolo,,,,,,,,,
,,901,Quetzaltenango,,,,,,,,,
,,902,Salcajá,,,,,,,,,
,,903,Olintepeque,,,,,,,,,
,,904,San Carlos Sija,,,,,,,,,
,,905,Sibilia,,,,,,,,,
,,906,Cabricán,,,,,,,,,
,,907,Cajolá,,,,,,,,,
,,908,San Miguel Siguilá,,,,,,,,,
,,909,Ostuncalco,,,,,,,,,
,,910,San Mateo,,,,,,,,,
,,911,Concepción Chiquirichapa,,,,,,,,,
,,912,San Martín Sacatepéquez,,,,,,,,,
,,913,Almolonga,,,,,,,,,
,,914,Cantel,,,,,,,,,
,,915,Huitán,,,,,,,,,
,,916,Zunil,,,,,,,,,
,,917,Colomba,,,,,,,,,
,,918,San Francisco La Unión,,,,,,,,,
,,919,El Palmar,,,,,,,,,
,,920,Coatepeque,,,,,,,,,
,,921,Génova,,,,,,,,,
,,922,Flores Costa Cuca,,,,,,,,,
,,923,La Esperanza,,,,,,,,,
,,924,Palestina de Los Altos,,,,,,,,,
,,1001,Mazatenango,,,,,,,,,
,,1002,Cuyotenango,,,,,,,,,
,,1003,San Francisco Zapotitlán,,,,,,,,,
,,1004,San Bernardino,,,,,,,,,
,,1005,San José El Ídolo,,,,,,,,,
,,1006,Santo Domingo Suchitepéquez,,,,,,,,,
,,1007,San Lorenzo,,,,,,,,,
,,1008,Samayac,,,,,,,,,
,,1009,San Pablo Jocopilas,,,,,,,,,
,,1010,San Antonio Suchitepéquez,,,,,,,,,
,,1011,San Miguel Panán,,,,,,,,,
,,1012,San Gabriel,,,,,,,,,
,,1013,Chicacao,,,,,,,,,
,,1014,Patulul,,,,,,,,,
,,1015,Santa Bárbara,,,,,,,,,
,,1016,San Juan Bautista,,,,,,,,,
,,1017,Santo Tomás La Unión,,,,,,,,,
,,1018,Zunilito,,,,,,,,,
,,1019,Pueblo Nuevo ,,,,,,,,,
,,1020,Rio Bravo,,,,,,,,,
,,1021,San José La Máquina,,,,,,,,,
,,1101,Retalhuleu,,,,,,,,,
,,1102,San Sebastián,,,,,,,,,
,,1103,Santa Cruz Muluá,,,,,,,,,
,,1104,San Martín Zapotitlán,,,,,,,,,
,,1105,San Felipe,,,,,,,,,
,,1106,San Andrés Villa Seca,,,,,,,,,
,,1107,Champerico,,,,,,,,,
,,1108,Nuevo San Carlos,,,,,,,,,
,,1109,El Asintal,,,,,,,,,
,,1201,San Marcos,,,,,,,,,
,,1202,San Pedro Sacatepéquez,,,,,,,,,
,,1203,San Antonio Sacatepéquez,,,,,,,,,
,,1204,Comitancillo,,,,,,,,,
,,1205,San Miguel Ixtahuacán,,,,,,,,,
,,1206,Concepción Tutuapa,,,,,,,,,
,,1207,Tacaná,,,,,,,,,
,,1208,Sibinal,,,,,,,,,
,,1209,Tajumulco,,,,,,,,,
,,1210,Tejutla,,,,,,,,,
,,1211,San Rafael Pié de La Cuesta,,,,,,,,,
,,1212,Nuevo Progreso,,,,,,,,,
,,1213,El Tumbador,,,,,,,,,
,,1214,El Rodeo,,,,,,,,,
,,1215,Malacatán,,,,,,,,,
,,1216,Catarina,,,,,,,,,
,,1217,Ayutla,,,,,,,,,
,,1218,Ocós,,,,,,,,,
,,1219,San Pablo,,,,,,,,,
,,1220,El Quetzal,,,,,,,,,
,,1221,La Reforma,,,,,,,,,
,,1222,Pajapita,,,,,,,,,
,,1223,Ixchiguán,,,,,,,,,
,,1224,San José Ojetenam,,,,,,,,,
,,1225,San Cristóbal Cucho,,,,,,,,,
,,1226,Sipacapa,,,,,,,,,
,,1227,Esquipulas Palo Gordo,,,,,,,,,
,,1228,Rio Blanco,,,,,,,,,
,,1229,San Lorenzo,,,,,,,,,
,,1230,La Blanca,,,,,,,,,
,,1301,Huehuetenango,,,,,,,,,
,,1302,Chiantla,,,,,,,,,
,,1303,Malacatancito,,,,,,,,,
,,1304,Cuilco,,,,,,,,,
,,1305,Nentón,,,,,,,,,
,,1306,San Pedro Necta,,,,,,,,,
,,1307,Jacaltenango,,,,,,,,,
,,1308,Soloma,,,,,,,,,
,,1309,Ixtahuacán,,,,,,,,,
,,1310,Santa Bárbara,,,,,,,,,
,,1311,La Libertad,,,,,,,,,
,,1312,La Democracia,,,,,,,,,
,,1313,San Miguel Acatán,,,,,,,,,
,,1314,San Rafael La Independencia,,,,,,,,,
,,1315,Todos Santos Cuchumatán,,,,,,,,,
,,1316,San Juan Atitán,,,,,,,,,
,,1317,Santa Eulalia,,,,,,,,,
,,1318,San Mateo Ixtatán,,,,,,,,,
,,1319,Colotenango,,,,,,,,,
,,1320,San Sebastián Huehuetenango,,,,,,,,,
,,1321,Tectitán,,,,,,,,,
,,1322,Concepción Huista,,,,,,,,,
,,1323,San Juan Ixcoy,,,,,,,,,
,,1324,San Antonio Huista,,,,,,,,,
,,1325,San Sebastián Coatán,,,,,,,,,
,,1326,Barillas,,,,,,,,,
,,1327,Aguacatán,,,,,,,,,
,,1328,San Rafael Petzal,,,,,,,,,
,,1329,San Gaspar Ixchil,,,,,,,,,
,,1330,Santiago Chimaltenango,,,,,,,,,
,,1331,Santa Ana Huista,,,,,,,,,
,,1332,Unión Cantinil,,,,,,,,,
,,1333,Petatán,,,,,,,,,
,,1401,Santa Cruz del Quiché,,,,,,,,,
,,1402,Chiché,,,,,,,,,
,,1403,Chinique,,,,,,,,,
,,1404,Zacualpa,,,,,,,,,
,,1405,Chajul,,,,,,,,,
,,1406,Chichicastenango,,,,,,,,,
,,1407,Patzité,,,,,,,,,
,,1408,San Antonio Ilotenango,,,,,,,,,
,,1409,San Pedro Jocopilas,,,,,,,,,
,,1410,Cunén,,,,,,,,,
,,1411,San Juan Cotzal,,,,,,,,,
,,1412,Joyabaj,,,,,,,,,
,,1413,Nebaj,,,,,,,,,
,,1414,San Andrés Sajcabajá,,,,,,,,,
,,1415,Uspantán,,,,,,,,,
,,1416,Sacapulas,,,,,,,,,
,,1417,San Bartolomé Jocotenango,,,,,,,,,
,,1418,Canillá,,,,,,,,,
,,1419,Chicamán,,,,,,,,,
,,1420,Ixcán,,,,,,,,,
,,1421,Pachalum,,,,,,,,,
,,1501,Salamá,,,,,,,,,
,,1502,San Miguel Chicaj,,,,,,,,,
,,1503,Rabinal,,,,,,,,,
,,1504,Cubulco,,,,,,,,,
,,1505,Granados,,,,,,,,,
,,1506,El Chol,,,,,,,,,
,,1507,San Jerónimo,,,,,,,,,
,,1508,Purulhá,,,,,,,,,
,,1601,Cobán,,,,,,,,,
,,1602,Santa Cruz Verapaz,,,,,,,,,
,,1603,San Cristóbal Verapaz,,,,,,,,,
,,1604,Tactic,,,,,,,,,
,,1605,Tamahú,,,,,,,,,
,,1606,Tucurú,,,,,,,,,
,,1607,Panzós,,,,,,,,,
,,1608,Senahú,,,,,,,,,
,,1609,San Pedro Carchá,,,,,,,,,
,,1610,San Juan Chamelco,,,,,,,,,
,,1611,Lanquín,,,,,,,,,
,,1612,Cahabón,,,,,,,,,
,,1613,Chisec,,,,,,,,,
,,1614,Chahal,,,,,,,,,
,,1615,Fray Bartolomé de Las Casas,,,,,,,,,
,,1616,Santa Catalina la Tinta,,,,,,,,,
,,1617,Raxruhá,,,,,,,,,
,,1701,Flores,,,,,,,,,
,,1702,San José,,,,,,,,,
,,1703,San Benito,,,,,,,,,
,,1704,San Andrés,,,,,,,,,
,,1705,La Libertad,,,,,,,,,
,,1706,San Francisco,,,,,,,,,
,,1707,Santa Ana,,,,,,,,,
,,1708,Dolores,,,,,,,,,
,,1709,San Luis,,,,,,,,,
,,1710,Sayaxché,,,,,,,,,
,,1711,Melchor de Mencos,,,,,,,,,
,,1712,Poptún,,,,,,,,,
,,1713,Las Cruces,,,,,,,,,
,,1714,El Chal,,,,,,,,,
,,1801,Puerto Barrios,,,,,,,,,
,,1802,Livingston,,,,,,,,,
,,1803,El Estor,,,,,,,,,
,,1804,Morales,,,,,,,,,
,,1805,Los Amates,,,,,,,,,
,,1901,Zacapa,,,,,,,,,
,,1902,Estanzuela,,,,,,,,,
,,1903,Río Hondo,,,,,,,,,
,,1904,Gualán,,,,,,,,,
,,1905,Teculután,,,,,,,,,
,,1906,Usumatlán,,,,,,,,,
,,1907,Cabañas,,,,,,,,,
,,1908,San Diego,,,,,,,,,
,,1909,La Unión,,,,,,,,,
,,1910,Huité,,,,,,,,,
,,1911,San Jorge,,,,,,,,,
,,2001,Chiquimula,,,,,,,,,
,,2002,San José La Arada,,,,,,,,,
,,2003,San Juan Erminta,,,,,,,,,
,,2004,Jocotán,,,,,,,,,
,,2005,Camotán,,,,,,,,,
,,2006,Olopa,,,,,,,,,
,,2007,Esquipulas,,,,,,,,,
,,2008,Concepción Las Minas,,,,,,,,,
,,2009,Quetzaltepeque,,,,,,,,,
,,2010,San Jacinto,,,,,,,,,
,,2011,Ipala,,,,,,,,,
,,2101,Jalapa,,,,,,,,,
,,2102,San Pedro Pinula,,,,,,,,,
,,2103,San Luis Jilotepeque,,,,,,,,,
,,2104,San Manuel Chaparrón,,,,,,,,,
,,2105,San Carlos Alzatate,,,,,,,,,
,,2106,Monjas,,,,,,,,,
,,2107,Mataquescuintla,,,,,,,,,
,,2201,Jutiapa,,,,,,,,,
,,2202,El Progreso,,,,,,,,,
,,2203,Santa Catarina Mita,,,,,,,,,
,,2204,Agua Blanca,,,,,,,,,
,,2205,Asunción Mita,,,,,,,,,
,,2206,Yupiltepeque,,,,,,,,,
,,2207,Atescatempa,,,,,,,,,
,,2208,Jerez,,,,,,,,,
,,2209,El Adelanto,,,,,,,,,
,,2210,Zapotitlán,,,,,,,,,
,,2211,Comapa,,,,,,,,,
,,2212,Jalpatagua,,,,,,,,,
,,2213,Conguaco,,,,,,,,,
,,2214,Moyuta,,,,,,,,,
,,2215,Pasaco,,,,,,,,,
,,2216,San José Acatempa,,,,,,,,,
,,2217,Quesada,,,,,,,,,
,,9999,Ignorado,,,,,,,,,
,,,,,,,,,,,,
HEC_AREA,Area geográfica de ocurrencia,1,Urbana,,,,,,,,,
,,2,Rural,,,,,,,,,
,,9,Ignorado,,,,,,,,,
,,,,,,,,,,,,
HEC_TIPAGRE,Tipo de agresión sufrida por la víctima,1222,Física,,,,,,,,,
,,2122,Psicológica,,,,,,,,,
,,2212,Sexual,,,,,,,,,
,,2221,Patrimonial,,,,,,,,,
,,1122,Física - psicológica,,,,,,,,,
,,1212,Física - sexual,,,,,,,,,
,,1221,Física - patrimonial,,,,,,,,,
,,2112,Psicológica - sexual,,,,,,,,,
,,2121,Psicológica - patrimonial,,,,,,,,,
,,2211,Sexual - patrimonial,,,,,,,,,
,,1112,Física - psicológica - sexual,,,,,,,,,
,,1121,Física - psicológica - patrimonial,,,,,,,,,
,,2111,Psicológica - sexual - patrimonial,,,,,,,,,
,,1211,Física - sexual - patrimonial,,,,,,,,,
,,1111,Física - psicológica - sexual - patrimonial,,,,,,,,,
,,,,,,,,,,,,
HEC_RECUR_DENUN,Reiteración de la denuncia (ha denunciado con anterioridad),1,Si,,,,,,,,,
,,2,No,,,,,,,,,
,,9,Ignorado,,,,,,,,,
,,,,,,,,,,,,
INST_DONDE_DENUNCIO,En que institución denunció anteriormente,1,Ministerio Público,,,,,,,,,
,,2,Procuraduría General de la Nación,,,,,,,,,
,,3,Policia Nacional Civil,,,,,,,,,
,,4,Organismo Judicial,,,,,,,,,
,,5,Bufetes Populares,,,,,,,,,
,,6,Procuraduría de los Derechos Humanos,,,,,,,,,
,,9,Ignorado,,,,,,,,,
,,,,,,,,,,,,
DATOS DEL AGRESOR,,,,,,,,,,,,
,,,,,,,,,,,,
AGR_SEXO,Sexo del(a) agresor(a),1,Hombre,,,,,,,,,
,,2,Mujer,,,,,,,,,
,,,,,,,,,,,,
AGR_EDAD,Edad del(a) agresor(a),1 a  98,Edad del(a) agresor(a),,,,,,,,,
,,99,Ignorado,,,,,,,,,
,,,,,,,,,,,,
AGR_ALFAB,Sabe leer y escribir,1,Alfabeta,,,,,,,,,
,,2,Analfabeta,,,,,,,,,
,,9,Ignorado,,,,,,,,,
,,,,,,,,,,,,
AGR_ESCOLARIDAD,Nivel de escolaridad del(a) agresor(a),10,Ninguno,,,,,,,,,
,,21 a 26,Primero a sexto primaria,,,,,,,,,
,,29,Primaria (grado ignorado),,,,,,,,,
,,31 a 33,Primero a tercero básico,,,,,,,,,
,,39,Básico (grado ignorado),,,,,,,,,
,, 44 a 46,Cuarto a sexto diversificado,,,,,,,,,
,,49,Diversificado (grado ignorado),,,,,,,,,
,,51 a  57,Primer año a séptimo universitario (Incluye maestría),,,,,,,,,
,,59,Universitario (año ignorado),,,,,,,,,
,,99,Ignorado (tanto nivel como grado),,,,,,,,,
,,,,,,,,,,,,
AGR_EST_CIV,Estado conyugal del (a) agresor(a),1,Soltero(a) ,,,,,,,,,
,,2,Casado(a) ,,,,,,,,,
,,3,Unido(a) ,,,,,,,,,
,,4,Viudo(a) ,,,,,,,,,
,,5,Otro,,,,,,,,,
,,9,Ignorado,,,,,,,,,
,,,,,,,,,,,,
AGR_GRUPET,Pueblo de pertenencia del agresor(a),1,Ladino,,,,,,,,,
,,2,Maya,,,,,,,,,
,,3,Garífuna,,,,,,,,,
,,4,Xinka,,,,,,,,,
,,5,Otro,,,,,,,,,
,,6,No indica,,,,,,,,,
,,9,Ignorado,,,,,,,,,
,,,,,,,,,,,,
AGR_NACIONAL,Nacionalidad del(a) agresor(a),1,Guatemalteca,,,,,,,,,
,,2,Extranjera,,,,,,,,,
,,9,Ignorado,,,,,,,,,
,,,,,,,,,,,,
AGR_TRABAJA,Condición de empleo del(a) agresor(a),1,Si trabaja por un salario o ingreso,,,,,,,,,
,,2,No trabaja por un salario o ingreso,,,,,,,,,
,,9,Ignorado,,,,,,,,,
,,,,,,,,,,,,
AGR_OCUP,"Ocupación del (a) agresor(a) (con salario o ingreso dentro o fuera de la casa), Clasificación Internacional Uniforme de Ocupaciones -CIUO- 08",1111,Miembros del poder legislativo,,,,,,,,,
,,1112,Personal directivo de la administración pública,,,,,,,,,
,,1113,Jefes de pequeñas poblaciones,,,,,,,,,
,,1114,Dirigentes de organizaciones que presentan un interés especial,,,,,,,,,
,,1120,Directores generales y gerentes generales,,,,,,,,,
,,1211,Directores financieros,,,,,,,,,
,,1212,Directores de recursos humanos,,,,,,,,,
,,1213,Directores de políticas y planificación,,,,,,,,,
,,1219,Directores de administración y servicios no clasificados bajo otros epígrafes,,,,,,,,,
,,1221,Directores de ventas y comercialización,,,,,,,,,
,,1222,Directores de publicidad y relaciones públicas,,,,,,,,,
,,1223,Directores de investigación y desarrollo,,,,,,,,,
,,1311,Directores de producción agropecuaria y silvicultura,,,,,,,,,
,,1312,Directores de producción de piscicultura y pesca,,,,,,,,,
,,1321,Directores de industrias manufactureras,,,,,,,,,
,,1322,Directores de explotaciones de minería,,,,,,,,,
,,1323,Directores de empresas de construcción,,,,,,,,,
,,1324,"Directores de empresas de abastecimiento, distribución y afines",,,,,,,,,
,,1330,Directores de servicios de tecnología de la información y las comunicaciones,,,,,,,,,
,,1341,Directores de servicios de cuidados infantiles,,,,,,,,,
,,1342,Directores de servicios de salud,,,,,,,,,
,,1343,Directores de servicios de cuidado de las personas de edad,,,,,,,,,
,,1344,Directores de servicios de bienestar social,,,,,,,,,
,,1345,Directores de servicios de educación,,,,,,,,,
,,1346,"Gerentes de sucursales de bancos, de servicios financieros y de seguros",,,,,,,,,
,,1349,Directores y gerentes de servicios profesionales no clasificados bajo otros epígrafes,,,,,,,,,
,,1411,Gerentes de hoteles,,,,,,,,,
,,1412,Gerentes de restaurantes,,,,,,,,,
,,1420,Gerentes de comercios al por mayor y al por menor,,,,,,,,,
,,1431,"Gerentes de centros deportivos, de esparcimiento y culturales",,,,,,,,,
,,1439,Gerentes de servicios no clasificados bajo otros epígrafes,,,,,,,,,
,,2111,Físicos y astrónomos,,,,,,,,,
,,2112,Meteorólogos,,,,,,,,,
,,2113,Químicos,,,,,,,,,
,,2114,Geólogos y geofísicos,,,,,,,,,
,,2120,"Matemáticos, actuarios y estadísticos",,,,,,,,,
,,2131,"Biólogos, botánicos, zoólogos y afines",,,,,,,,,
,,2132,Agrónomos y afines,,,,,,,,,
,,2133,Profesionales de la protección medioambiental,,,,,,,,,
,,2141,Ingenieros industriales y de producción,,,,,,,,,
,,2142,Ingenieros civiles,,,,,,,,,
,,2143,Ingenieros medioambientales,,,,,,,,,
,,2144,Ingenieros mecánicos,,,,,,,,,
,,2145,Ingenieros químicos,,,,,,,,,
,,2146,"Ingenieros de minas, metalúrgicos y afines",,,,,,,,,
,,2149,Ingenieros no clasificados bajo otros epígrafes,,,,,,,,,
,,2151,Ingenieros electricistas,,,,,,,,,
,,2152,Ingenieros electrónicos,,,,,,,,,
,,2153,Ingenieros en telecomunicaciones,,,,,,,,,
,,2161,Arquitectos,,,,,,,,,
,,2162,Arquitectos paisajistas,,,,,,,,,
,,2163,Diseñadores de productos y de prendas,,,,,,,,,
,,2164,Urbanistas e ingenieros de tránsito,,,,,,,,,
,,2165,Cartógrafos y agrimensores,,,,,,,,,
,,2166,Diseñadores gráficos y multimedia,,,,,,,,,
,,2211,Médicos generales,,,,,,,,,
,,2212,Médicos especialistas,,,,,,,,,
,,2221,Profesionales de enfermería,,,,,,,,,
,,2222,Profesionales de partería,,,,,,,,,
,,2230,Profesionales de medicina tradicional y alternativa,,,,,,,,,
,,2240,Practicantes paramédicos,,,,,,,,,
,,2250,Veterinarios,,,,,,,,,
,,2261,Dentistas,,,,,,,,,
,,2262,Farmacéuticos,,,,,,,,,
,,2263,Profesionales de la salud y la higiene laboral y ambiental,,,,,,,,,
,,2264,Fisioterapeutas,,,,,,,,,
,,2265,Dietistas y nutricionistas,,,,,,,,,
,,2266,Audiólogos y logopedas,,,,,,,,,
,,2267,Optometristas,,,,,,,,,
,,2269,Profesionales de la salud no clasificados bajo otros epígrafes,,,,,,,,,
,,2310,Profesores de universidades y de la enseñanza superior,,,,,,,,,
,,2320,Profesores de formación profesional,,,,,,,,,
,,2330,Profesores de enseñanza secundaria,,,,,,,,,
,,2341,Maestros de enseñanza primaria,,,,,,,,,
,,2342,Maestros preescolares,,,,,,,,,
,,2351, Especialistas en métodos pedagógicos,,,,,,,,,
,,2352,Educadores para necesidades especiales,,,,,,,,,
,,2353,Otros profesores de idiomas,,,,,,,,,
,,2354,Otros profesores de música,,,,,,,,,
,,2355,Otros profesores de artes,,,,,,,,,
,,2356,Instructores en tecnología de la información,,,,,,,,,
,,2359,Profesionales de la enseñanza no clasificados bajo otros epígrafes,,,,,,,,,
,,2411,Contables,,,,,,,,,
,,2412,Asesores financieros y en inversiones,,,,,,,,,
,,2413,Analistas financieros,,,,,,,,,
,,2421,Analistas de gestión y organización,,,,,,,,,
,,2422,Especialistas en políticas de administración,,,,,,,,,
,,2423,Especialistas en políticas y servicios de personal y afines,,,,,,,,,
,,2424,Especialistas en formación del personal,,,,,,,,,
,,2431,Profesionales de la publicidad y la comercialización,,,,,,,,,
,,2432,Profesionales de relaciones públicas,,,,,,,,,
,,2433,Profesionales de ventas técnicas y médicas (excluyendo la TIC),,,,,,,,,
,,2434,Profesionales de ventas de tecnología de la información y las comunicaciones,,,,,,,,,
,,2511,Analistas de sistemas,,,,,,,,,
,,2512,Desarrolladores de software,,,,,,,,,
,,2513,Desarrolladores web y multimedia,,,,,,,,,
,,2514,Programadores de aplicaciones,,,,,,,,,
,,2519,Desarrolladores y analistas de software y multimedia y analistas no clasificados bajo otros epígrafes,,,,,,,,,
,,2521,Diseñadores y administradores de bases de datos,,,,,,,,,
,,2522,Administradores de sistemas,,,,,,,,,
,,2523,Profesionales en redes de computadores,,,,,,,,,
,,2529,Especialistas en bases de datos y en redes de computadores no clasificados bajo otros epígrafes,,,,,,,,,
,,2611,Abogados,,,,,,,,,
,,2612,Jueces,,,,,,,,,
,,2619,Profesionales en derecho no clasificados bajo otros epígrafes,,,,,,,,,
,,2621,Archivistas y curadores de museos,,,,,,,,,
,,2622,"Bibliotecarios, documentalistas y afines",,,,,,,,,
,,2631,Economistas,,,,,,,,,
,,2632,"Sociólogos, antropólogos y afines",,,,,,,,,
,,2633,"Filósofos, historiadores y especialistas en ciencias políticas",,,,,,,,,
,,2634, Psicólogos,,,,,,,,,
,,2635,Profesionales del trabajo social,,,,,,,,,
,,2636,Profesionales religiosos,,,,,,,,,
,,2641,Autores y otros escritores,,,,,,,,,
,,2642,Periodistas,,,,,,,,,
,,2643,"Traductores, intérpretes y lingüistas",,,,,,,,,
,,2651, Artistas de artes plásticas,,,,,,,,,
,,2652,"Músicos, cantantes y compositores",,,,,,,,,
,,2653,Bailarines y coreógrafos,,,,,,,,,
,,2654,"Directores de cine, de teatro y afines",,,,,,,,,
,,2655,Actores,,,,,,,,,
,,2656,"Locutores de radio, televisión y otros medios de comunicación",,,,,,,,,
,,2659,Artistas creativos e interpretativos no clasificados bajo otros epígrafes,,,,,,,,,
,,3111,Técnicos en ciencias físicas y químicas,,,,,,,,,
,,3112,Técnicos en ingeniería civil,,,,,,,,,
,,3113,Electrotécnicos,,,,,,,,,
,,3114,Técnicos en electrónica,,,,,,,,,
,,3115,Técnicos en ingeniería mecánica,,,,,,,,,
,,3116,Técnicos en química industrial,,,,,,,,,
,,3117,Técnicos en ingeniería de minas y metalurgia,,,,,,,,,
,,3118,Delineantes y dibujantes técnicos,,,,,,,,,
,,3119,Técnicos en ciencias físicas y en ingeniería no clasificados bajo otros epígrafes,,,,,,,,,
,,3121,Supervisores en ingeniería de minas,,,,,,,,,
,,3122,Supervisores de industrias manufactureras,,,,,,,,,
,,3123,Supervisores de la construcción,,,,,,,,,
,,3131,Operadores de instalaciones de producción de energía,,,,,,,,,
,,3132,"Operadores de incineradores, instalaciones de tratamiento de agua y afines",,,,,,,,,
,,3133,Controladores de instalaciones de procesamiento de productos químicos,,,,,,,,,
,,3134,Operadores de instalaciones de refinación de petróleo y gas natural,,,,,,,,,
,,3135,Controladores de procesos de producción de metales,,,,,,,,,
,,3139,Técnicos en control de procesos no clasificados bajo otros epígrafes,,,,,,,,,
,,3141,Técnicos en ciencias biológicas (excluyendo la medicina),,,,,,,,,
,,3142,Técnicos agropecuarios,,,,,,,,,
,,3143,Técnicos forestales,,,,,,,,,
,,3151,Oficiales maquinistas en navegación,,,,,,,,,
,,3152,"Capitanes, oficiales de cubierta y prácticos",,,,,,,,,
,,3153,Pilotos de aviación y afines,,,,,,,,,
,,3154,Controladores de tráfico aéreo,,,,,,,,,
,,3155,Técnicos en seguridad aeronáutica,,,,,,,,,
,,3211,Técnicos en aparatos de diagnóstico y tratamiento médico,,,,,,,,,
,,3212,Técnicos de laboratorios médicos,,,,,,,,,
,,3213,Técnicos y asistentes farmacéuticos,,,,,,,,,
,,3214,Técnicos de prótesis médicas y dentales,,,,,,,,,
,,3221,Profesionales de nivel medio de enfermería,,,,,,,,,
,,3222,Profesionales de nivel medio de partería,,,,,,,,,
,,3230,Profesionales de nivel medio de medicina tradicional y alternativa,,,,,,,,,
,,3240,Técnicos y asistentes veterinarios,,,,,,,,,
,,3251,Dentistas auxiliares y ayudantes de odontología,,,,,,,,,
,,3252,Técnicos en documentación sanitaria,,,,,,,,,
,,3253,Trabajadores comunitarios de la salud,,,,,,,,,
,,3254,Técnicos en optometría y ópticos,,,,,,,,,
,,3255,Técnicos y asistentes fisioterapeutas,,,,,,,,,
,,3256,Practicantes y asistentes médicos,,,,,,,,,
,,3257,"Inspectores de la salud laboral, medioambiental y afines",,,,,,,,,
,,3258,Ayudantes de ambulancias,,,,,,,,,
,,3259,Profesionales de la salud de nivel medio no clasificados bajo otros epígrafes,,,,,,,,,
,,3311,"Agentes de bolsa, cambio y otros servicios financieros",,,,,,,,,
,,3312,Oficiales de préstamos y créditos,,,,,,,,,
,,3313,Tenedores de libros,,,,,,,,,
,,3314,"Profesionales de nivel medio de servicios estadísticos, matemáticos y afines",,,,,,,,,
,,3315,Tasadores,,,,,,,,,
,,3321,Agentes de seguros,,,,,,,,,
,,3322,Representantes comerciales,,,,,,,,,
,,3323,Agentes de compras,,,,,,,,,
,,3324,Agentes de compras y consignatarios,,,,,,,,,
,,3331,Declarantes o gestores de aduana,,,,,,,,,
,,3332,Organizadores de conferencias y eventos,,,,,,,,,
,,3333,Agentes de empleo y contratistas de mano de obra,,,,,,,,,
,,3334,Agentes inmobiliarios,,,,,,,,,
,,3339,Agentes de servicios comerciales no clasificados bajo otros epígrafes,,,,,,,,,
,,3341,Supervisores de secretaría,,,,,,,,,
,,3342,Secretarios jurídicos,,,,,,,,,
,,3343,Secretarios administrativos y ejecutivos,,,,,,,,,
,,3344,Secretarios médicos,,,,,,,,,
,,3351,Agentes de aduana e inspectores de fronteras,,,,,,,,,
,,3352,Agentes de administración tributaria,,,,,,,,,
,,3353,Agentes de servicios de seguridad social,,,,,,,,,
,,3354,Agentes de servicios de expedición de licencias y permisos,,,,,,,,,
,,3355,Inspectores de policía y detectives,,,,,,,,,
,,3359,Agentes de la administración pública para la aplicación de la ley y afines no clasificados bajo otros epígrafes,,,,,,,,,
,,3411,Profesionales de nivel medio del derecho y servicios legales y afines,,,,,,,,,
,,3412,Trabajadores y asistentes sociales de nivel medio,,,,,,,,,
,,3413,Auxiliares laicos de las religiones,,,,,,,,,
,,3421,Atletas y deportistas,,,,,,,,,
,,3422,"Entrenadores, instructores y árbitros de actividades deportivas",,,,,,,,,
,,3423,Instructores de educación física y actividades recreativas,,,,,,,,,
,,3431,Fotógrafos,,,,,,,,,
,,3432,Diseñadores y decoradores de interior,,,,,,,,,
,,3433,"Técnicos en galerías de arte, museos y bibliotecas",,,,,,,,,
,,3434,Chefs,,,,,,,,,
,,3435,Otros profesionales de nivel medio en actividades culturales y artistas,,,,,,,,,
,,3511,Técnicos en operaciones de tecnología de la información y las comunicaciones,,,,,,,,,
,,3512,Técnicos en asistencia al usuario de tecnología de la información y las comunicaciones,,,,,,,,,
,,3513,Técnicos en redes y sistemas de computadores,,,,,,,,,
,,3514,Técnicos de la web,,,,,,,,,
,,3521,Técnicos de radiodifusión y grabación audio visual,,,,,,,,,
,,3522,Técnicos de ingeniería de las telecomunicaciones,,,,,,,,,
,,4110,Oficinistas generales,,,,,,,,,
,,4120,Secretarios (general),,,,,,,,,
,,4131,Operadores de máquinas de procesamiento de texto y mecanógrafos,,,,,,,,,
,,4132,Grabadores de datos,,,,,,,,,
,,4211,Cajeros de bancos y afines,,,,,,,,,
,,4212,Receptores de apuestas y afines,,,,,,,,,
,,4213,Prestamistas,,,,,,,,,
,,4214,Cobradores y afines,,,,,,,,,
,,4221,Empleados de agencias de viajes,,,,,,,,,
,,4222,Empleados de centros de llamadas,,,,,,,,,
,,4223,Telefonistas,,,,,,,,,
,,4224,Recepcionistas de hoteles,,,,,,,,,
,,4225,Empleados de ventanillas de informaciones,,,,,,,,,
,,4226,Recepcionistas (general),,,,,,,,,
,,4227,Entrevistadores de encuestas y de investigaciones de mercados,,,,,,,,,
,,4229,Empleados de servicios de información al cliente no clasificados bajo otros epígrafes,,,,,,,,,
,,4311,Empleados de contabilidad y cálculo de costos,,,,,,,,,
,,4312,"Empleados de servicios estadísticos, financieros y de seguros",,,,,,,,,
,,4313,Empleados encargados de las nóminas,,,,,,,,,
,,4321,Empleados de control de abastecimientos e inventario,,,,,,,,,
,,4322,Empleados de servicios de apoyo a la producción,,,,,,,,,
,,4323,Empleados de servicios de transporte,,,,,,,,,
,,4411,Empleados de bibliotecas,,,,,,,,,
,,4412,Empleados de servicios de correos,,,,,,,,,
,,4413,"Codificadores de datos, correctores de pruebas de imprenta y afines",,,,,,,,,
,,4414,Escribientes públicos y afines,,,,,,,,,
,,4415,Empleados de archivos,,,,,,,,,
,,4416,Empleados del servicio de personal,,,,,,,,,
,,4419,Personal de apoyo administrativo no clasificado bajo otros epígrafes,,,,,,,,,
,,5111,Auxiliares de servicio de abordo,,,,,,,,,
,,5112,Revisores y cobradores de los transportes públicos,,,,,,,,,
,,5113,Guías de turismo,,,,,,,,,
,,5120,Cocineros,,,,,,,,,
,,5131,Camareros de mesas,,,,,,,,,
,,5132,Camareros de barra,,,,,,,,,
,,5141,Peluqueros,,,,,,,,,
,,5142,Especialistas en tratamientos de belleza y afines,,,,,,,,,
,,5151,"Supervisores de mantenimiento y limpieza en oficinas, hoteles y otros establecimientos",,,,,,,,,
,,5152,Ecónomos y mayordomos domésticos,,,,,,,,,
,,5153,Conserjes,,,,,,,,,
,,5161,"Astrólogos, adivinadores y afines",,,,,,,,,
,,5162,Acompañantes y ayudantes de cámara,,,,,,,,,
,,5163,Personal de pompas fúnebres y embalsamadores,,,,,,,,,
,,5164,Cuidadores de animales,,,,,,,,,
,,5165,Instructores de autoescuela,,,,,,,,,
,,5169,Trabajadores de servicios personales no clasificados bajo otros epígrafes,,,,,,,,,
,,5211,Vendedores de quioscos y de puestos de mercado,,,,,,,,,
,,5212,Vendedores ambulantes de productos comestibles,,,,,,,,,
,,5221,Comerciantes de tiendas,,,,,,,,,
,,5222,Supervisores de tiendas y almacenes,,,,,,,,,
,,5223,Asistentes de venta de tiendas y almacenes,,,,,,,,,
,,5230,Cajeros y expendedores de billetes,,,,,,,,,
,,5241,"Modelos de moda, arte y publicidad",,,,,,,,,
,,5242,Demostradores de tiendas,,,,,,,,,
,,5243,Vendedores puerta a puerta,,,,,,,,,
,,5244,Vendedores por teléfono,,,,,,,,,
,,5245,Expendedores de gasolineras,,,,,,,,,
,,5246,Vendedores de comidas al mostrador,,,,,,,,,
,,5249,Vendedores no clasificados bajo otros epígrafes,,,,,,,,,
,,5311,Cuidadores de niños,,,,,,,,,
,,5312,Auxiliares de maestros,,,,,,,,,
,,5321,Trabajadores de los cuidados personales en instituciones,,,,,,,,,
,,5322,Trabajadores de los cuidados personales a domicilio,,,,,,,,,
,,5329,Trabajadores de los cuidados personales en servicios de salud no clasificados bajo otros epígrafes,,,,,,,,,
,,5411,Bomberos,,,,,,,,,
,,5412,Policías,,,,,,,,,
,,5413,Guardianes de prisión,,,,,,,,,
,,5414,Guardias de protección,,,,,,,,,
,,5419,Personal de los servicios de protección no clasificados bajo otros epígrafes,,,,,,,,,
,,6111,Agricultores y trabajadores calificados de cultivos extensivos,,,,,,,,,
,,6112,Agricultores y trabajadores calificados de plantaciones de árboles y arbustos,,,,,,,,,
,,6113,"Agricultores y trabajadores calificados de huertas, invernaderos, viveros y jardines",,,,,,,,,
,,6114,Agricultores y trabajadores calificados de cultivos mixtos ,,,,,,,,,
,,6121,Criadores de ganado,,,,,,,,,
,,6122,Avicultores y trabajadores calificados de la avicultura,,,,,,,,,
,,6123,Apicultores y sericultores y trabajadores calificados de la apicultura y la sericultura,,,,,,,,,
,,6129,Criadores y trabajadores pecuarios calificados de la cría de animales no clasificados bajo otros epígrafes,,,,,,,,,
,,6130,Productores y trabajadores calificados de explotaciones agropecuarias mixtas cuya producción se destina al mercado,,,,,,,,,
,,6210,Trabajadores forestales calificados y afines,,,,,,,,,
,,6221,Trabajadores de explotaciones de acuicultura,,,,,,,,,
,,6222,Pescadores de agua dulce y en aguas costeras,,,,,,,,,
,,6223,Pescadores de alta mar,,,,,,,,,
,,6224,Cazadores y tramperos,,,,,,,,,
,,6310,Trabajadores agrícolas de subsistencia,,,,,,,,,
,,6320,Trabajadores pecuarios de subsistencia,,,,,,,,,
,,6330,Trabajadores agropecuarios de subsistencia,,,,,,,,,
,,6340,"Pescadores, cazadores, tramperos y recolectores de subsistencia",,,,,,,,,
,,7111,Constructores de casas,,,,,,,,,
,,7112,Albañiles,,,,,,,,,
,,7113,"Mamposteros, tronzadores, labrantes y grabadores de piedra",,,,,,,,,
,,7114,"Operarios en cemento armado, enfoscadores y afines",,,,,,,,,
,,7115,Carpinteros de armar y de obra blanca,,,,,,,,,
,,7119,Oficiales y operarios de la construcción (obra gruesa) y afines no clasificados bajo otros epígrafes,,,,,,,,,
,,7121,Techadores,,,,,,,,,
,,7122,Parqueteros y colocadores de suelos,,,,,,,,,
,,7123,Revocadores,,,,,,,,,
,,7124,Instaladores de material aislante y de insonorización,,,,,,,,,
,,7125,Cristaleros,,,,,,,,,
,,7126,Fontaneros e instaladores de tuberías,,,,,,,,,
,,7127,Mecánicos-montadores de instalaciones de refrigeración y climatización,,,,,,,,,
,,7131,Pintores y empapeladores,,,,,,,,,
,,7132,Barnizadores y afines,,,,,,,,,
,,7133,Limpiadores de fachadas y deshollinadores,,,,,,,,,
,,7211,Moldeadores y macheros,,,,,,,,,
,,7212,Soldadores y oxicortadores,,,,,,,,,
,,7213,Chapistas y caldereros,,,,,,,,,
,,7214,Montadores de estructuras metálicas,,,,,,,,,
,,7215,Aparejadores y empalmadores de cables,,,,,,,,,
,,7221,Herreros y forjadores,,,,,,,,,
,,7222,Herramentistas y afines,,,,,,,,,
,,7223,Reguladores y operadores de máquinas herramientas,,,,,,,,,
,,7224,Pulidores de metales y afiladores de herramientas,,,,,,,,,
,,7231,Mecánicos y reparadores de vehículos de motor,,,,,,,,,
,,7232,Mecánicos y reparadores de motores de avión,,,,,,,,,
,,7233,Mecánicos y reparadores de máquinas agrícolas e industriales,,,,,,,,,
,,7234,Reparadores de bicicletas y afines,,,,,,,,,
,,7311,Mecánicos y reparadores de instrumentos de precisión,,,,,,,,,
,,7312,Fabricantes y afinadores de instrumentos musicales,,,,,,,,,
,,7313,"Joyeros, orfebres y plateros",,,,,,,,,
,,7314,"Alfareros y afines (barro, arcilla y abrasivos)",,,,,,,,,
,,7315,"Sopladores, modeladores, laminadores, cortadores y pulidores de vidrio",,,,,,,,,
,,7316,"Redactores de carteles, pintores decorativos y grabadores",,,,,,,,,
,,7317,"Artesanos en madera, cestería y materiales similares",,,,,,,,,
,,7318,"Artesanos de los tejidos, el cuero y materiales similares",,,,,,,,,
,,7319,Artesanos no clasificados bajo otros epígrafes,,,,,,,,,
,,7321,"Cajistas, tipógrafos y afines",,,,,,,,,
,,7322,Impresores,,,,,,,,,
,,7323,Encuadernadores y afines,,,,,,,,,
,,7411,Electricistas de obras y afines,,,,,,,,,
,,7412,Mecánicos y ajustadores electricistas,,,,,,,,,
,,7413,Instaladores y reparadores de líneas eléctricas,,,,,,,,,
,,7421,Mecánicos y reparadores en electrónica,,,,,,,,,
,,7422,Instaladores y reparadores en tecnología de la información y las comunicaciones,,,,,,,,,
,,7511,"Carniceros, pescaderos y afines",,,,,,,,,
,,7512,"Panaderos, pasteleros y confiteros",,,,,,,,,
,,7513,Operarios de la elaboración de productos lácteos,,,,,,,,,
,,7514,"Operarios de la conservación de frutas, legumbres, verduras y afines",,,,,,,,,
,,7515,Catadores y clasificadores de alimentos y bebidas,,,,,,,,,
,,7516,Preparadores y elaboradores de tabaco y sus productos,,,,,,,,,
,,7521,Operarios del tratamiento de la madera,,,,,,,,,
,,7522,Ebanistas y afines,,,,,,,,,
,,7523,Reguladores y operadores de máquinas de labrar madera,,,,,,,,,
,,7531,"Sastres, modistos, peleteros y sombrereros",,,,,,,,,
,,7532,Patronistas y cortadores de tela y afines,,,,,,,,,
,,7533,"Costureros, bordadores y afines",,,,,,,,,
,,7534,"Tapiceros, colchoneros y afines",,,,,,,,,
,,7535,"Apelambradores, pellejeros y curtidores",,,,,,,,,
,,7536,Zapateros y afines,,,,,,,,,
,,7541,Buzos,,,,,,,,,
,,7542,Dinamiteros y pegadores,,,,,,,,,
,,7543,Clasificadores y probadores de productos (excluyendo alimentos y bebidas),,,,,,,,,
,,7544,Fumigadores y otros controladores de plagas y malas hierbas,,,,,,,,,
,,7549,"Oficiales, operarios y artesanos de artes mecánicas y de otros oficios no clasificados bajo otros epígrafes",,,,,,,,,
,,8111,Mineros y operadores de instalaciones mineras,,,,,,,,,
,,8112,Operadores de instalaciones de procesamiento de minerales y rocas,,,,,,,,,
,,8113,Perforadores y sondistas de pozos y afines,,,,,,,,,
,,8114,Operadores de máquinas para fabricar cemento y otros productos minerales,,,,,,,,,
,,8121,Operadores de instalaciones de procesamiento de metales,,,,,,,,,
,,8122,"Operadores de máquinas pulidoras, galvanizadoras y recubridoras  de metales",,,,,,,,,
,,8131,Operadores de plantas y máquinas de productos químicos,,,,,,,,,
,,8132,Operadores de máquinas para fabricar productos fotográficos,,,,,,,,,
,,8141,Operadores de máquinas para fabricar productos de caucho,,,,,,,,,
,,8142,Operadores de máquinas para fabricar productos de material plástico,,,,,,,,,
,,8143,Operadores de máquinas para fabricar productos de papel,,,,,,,,,
,,8151,"Operadores de máquinas de preparación de fibras, hilado y devanado",,,,,,,,,
,,8152,Operadores de telares y otras máquinas tejedoras,,,,,,,,,
,,8153,Operadores de máquinas de coser,,,,,,,,,
,,8154,"Operadores de máquinas de blanqueamiento, teñido y limpieza de tejidos",,,,,,,,,
,,8155,Operadores de máquinas de tratamiento de pieles y cueros,,,,,,,,,
,,8156,Operadores de máquinas para la fabricación de calzado y afines,,,,,,,,,
,,8157,Operadores de máquinas lavarropas,,,,,,,,,
,,8159,Operadores de máquinas para fabricar productos textiles y artículos de piel y cuero no clasificados bajo otros epígrafes,,,,,,,,,
,,8160,Operadores de máquinas para elaborar alimentos y productos afines,,,,,,,,,
,,8171,Operadores de instalaciones para la preparación de pasta para papel y papel,,,,,,,,,
,,8172,Operadores de instalaciones de procesamiento de la madera,,,,,,,,,
,,8181,Operadores de instalaciones de vidriería y cerámica,,,,,,,,,
,,8182,Operadores de máquinas de vapor y calderas,,,,,,,,,
,,8183,"Operadores de máquinas de embalaje, embotellamiento y etiquetado",,,,,,,,,
,,8189,Operadores de máquinas y de instalaciones fijas no clasificados bajo otros epígrafes,,,,,,,,,
,,8211,Ensambladores de maquinaria mecánica,,,,,,,,,
,,8212,Ensambladores de equipos eléctricos y electrónicos,,,,,,,,,
,,8219,Ensambladores no clasificados bajo otros epígrafes,,,,,,,,,
,,8311,Maquinistas de locomotoras,,,,,,,,,
,,8312,"Guardafrenos, guardagujas y agentes de maniobras",,,,,,,,,
,,8321,Conductores de motocicletas,,,,,,,,,
,,8322,"Conductores de automóviles, taxis y camionetas",,,,,,,,,
,,8331,Conductores de autobuses y tranvías,,,,,,,,,
,,8332,Conductores de camiones pesados,,,,,,,,,
,,8341,Operadores de maquinaria agrícola y forestal móvil,,,,,,,,,
,,8342,Operadores de máquinas de movimiento de tierras y afines,,,,,,,,,
,,8343,"Operadores de grúas, aparatos elevadores y afines",,,,,,,,,
,,8344,Operadores de autoelevadoras,,,,,,,,,
,,8350,Marineros de cubierta y afines,,,,,,,,,
,,9111,Limpiadores y asistentes domésticos,,,,,,,,,
,,9112,"Limpiadores y asistentes de oficinas, hoteles y otros establecimientos",,,,,,,,,
,,9113,Personal doméstico,,,,,,,,,
,,9121,Lavanderos y planchadores manuales,,,,,,,,,
,,9122,Lavadores de vehículos,,,,,,,,,
,,9123,Lavadores de ventanas,,,,,,,,,
,,9129,Otro personal de limpieza,,,,,,,,,
,,9211,Peones de explotaciones agrícolas,,,,,,,,,
,,9212,Peones de explotaciones ganaderas,,,,,,,,,
,,9213,Peones de explotaciones de cultivos mixtos y ganaderos,,,,,,,,,
,,9214,Peones de jardinería y horticultura,,,,,,,,,
,,9215,Peones forestales,,,,,,,,,
,,9216,Peones de pesca y acuicultura,,,,,,,,,
,,9311,Peones de minas y canteras,,,,,,,,,
,,9312,Peones de obras públicas y mantenimiento,,,,,,,,,
,,9313,Peones de la construcción de edificios,,,,,,,,,
,,9321,Empacadores manuales,,,,,,,,,
,,9329,Peones de la industria manufacturera no clasificados bajo otros epígrafes,,,,,,,,,
,,9331,Conductores de vehículos accionados a pedal o a brazo,,,,,,,,,
,,9332,Conductores de vehículos y máquinas de tracción animal,,,,,,,,,
,,9333,Peones de carga,,,,,,,,,
,,9334,Reponedores de estanterías,,,,,,,,,
,,9411,Cocineros de comidas rápidas,,,,,,,,,
,,9412,Ayudantes de cocina,,,,,,,,,
,,9510,Trabajadores ambulantes de servicios y afines,,,,,,,,,
,,9520,Vendedores ambulantes (excluyendo de comida),,,,,,,,,
,,9611,Recolectores de basura y material reciclable,,,,,,,,,
,,9612,Clasificadores de desechos,,,,,,,,,
,,9613,Barrenderos y afines,,,,,,,,,
,,9621,"Mensajeros, mandaderos, maleteros y repartidores",,,,,,,,,
,,9622,Personas que realizan trabajos varios,,,,,,,,,
,,9623,Recolectores de dinero en aparatos de venta automática y lectores de medidores,,,,,,,,,
,,9624,Acarreadores de agua y recolectores de leña,,,,,,,,,
,,9629,Ocupaciones elementales no clasificadas bajo otros epígrafes,,,,,,,,,
,,´0110,Oficiales de las fuerzas armadas,,,,,,,,,
,,´0210,Suboficiales de las fuerzas armadas,,,,,,,,,
,,´0310,Otros miembros de las fuerzas armadas,,,,,,,,,
,,9998,Ocupaciones no especificadas en las anteriores,,,,,,,,,
,,9999,Ocupación ignorada,,,,,,,,,
,,,,,,,,,,,,
AGR_DEDICA,A que se dedica el(a) agresor(a) (sin ingresos),1,Quehaceres del hogar,,,,,,,,,
,,2,Vive de su renta o jubilación ,,,,,,,,,
,,3,Estudiar,,,,,,,,,
,,4,Desempleado,,,,,,,,,
,,6,Otro,,,,,,,,,
,,9,Ignorado,,,,,,,,,
,,,,,,,,,,,,
OTROS_AGRESORES,Total otros agresores,00 a 20,Total otros agresores,,,,,,,,,
,,99,Ignorado total otros agresores,,,,,,,,,
AGR_OTROS_HOM,Otros agresores hombres     (de 13 años en adelante),00 a 09,Otros agresores hombres,,,,,,,,,
,,99,Ignorado otros agresores hombres,,,,,,,,,
AGR_OTRAS_MUJ,Otras agresoras mujeres      (de 13 años en adelante),00 a 09,Otras agresoras mujeres,,,,,,,,,
,,99,Ignorado otras agresoras mujeres,,,,,,,,,
AGR_OTROS_N_OS,Otros agresores niños          (de 00 a 12 años),00 a 09,Otros agresores niños,,,,,,,,,
,,99,Ignorado otros agresores niños,,,,,,,,,
AGR_OTRAS_N_AS,Otras agresoras niñas           (de 00 a 12 años),00 a 09,Otras agresoras niñas,,,,,,,,,
,,99,Ignorado otras agresoras niñas,,,,,,,,,
,,,,,,,,,,,,
DATOS DE LA INSTITUCIÓN QUE REGISTRA EL HECHO,,,,,,,,,,,,
,,,,,,,,,,,,
INST_DENUN_HECHO,Nombre  de la institución que registra el hecho,1,Ministerio Público,,,,,,,,,
,,2,Procuraduría General de la Nación,,,,,,,,,
,,3,Policia Nacional Civil,,,,,,,,,
,,4,Organismo Judicial,,,,,,,,,
,,5,Bufetes Populares,,,,,,,,,
,,6,Procuraduría de los Derechos Humanos,,,,,,,,,
,,,,,,,,,,,,
ORGANISMO_JURISDICCIONAL,Órgano jurisdiccional que recibe la denuncia,1,Juzgados de Paz,,,,,,,,,
,,2,Juzgados de Paz Comunitarios,,,,,,,,,
,,3,Juzgados de Paz Penal ,,,,,,,,,
,,4,"Juzgado de Paz Penal de Conocimiento a Prevención de Delitos de Narcotráfico, Defraudación y Contrabando Aduanero, Violencia Sexual, Explotación y Trata de Personas ",,,,,,,,,
,,5,Juzgados de Paz Penal de Turno/24horas,,,,,,,,,
,,6,Juzgados de Paz Móvil,,,,,,,,,
,,7,"Juzgado de Paz con Competencia Específica para la Protección en Materia de Violencia Intrafamiliar, y de Niñez y Adolescencia Amenazada o Violada en sus Derechos (de turno)",,,,,,,,,
,,8,"Juzgados de Primera Instancia Penal, Narcoactividad y Delitos contra el Ambiente",,,,,,,,,
,,9,"Juzgados de Primera Instancia Penal, Narcoactividad y Delitos contra el Ambiente de Turno/24 horas",,,,,,,,,
,,10,"Juzgado de Turno de Primera Instancia Penal de Delitos de Femicidio y otras formas de de Violencia contra la contra la Mujer y Violencia Sexual, Explotación y Trata de Personas",,,,,,,,,
,,11,Juzgados de Primera Instancia Penal de Delitos de Femicidio y otras formas de Violencia contra la Mujer,,,,,,,,,
,,12,"Tribunales de Sentencia Penal, Narcoactividad y Delitos contra el Ambiente",,,,,,,,,
,,13,Tribunales de Sentencia Penal de Delitos de Femicidio y otras formas de Violencia en contra de la Mujer,,,,,,,,,
,,14,Juzgados de Primera Instancia Ramo Mixto,,,,,,,,,
,,15,Juzgados de Primera Instancia de Familia,,,,,,,,,
,,16,Juzgados de Adolescentes en Conflicto con la Ley Penal,,,,,,,,,
,,,,,,,,,,,,
CONDUCENTE,Se certificó lo conducente,1,Si,,,,,,,,,
,,2,No,,,,,,,,,
,,9,Ignorado,,,,,,,,,
,,,,,,,,,,,,
LEY_APLICABLE,Ley que se aplicó en el caso,1,Ley VIF ó Decreto 97-96,,,,,,,,,
,,2,Ley VCM ó Decreto 22-2008,,,,,,,,,
,,3,Ambas leyes (VIF y VCM),,,,,,,,,
,,4,Código Penal ó Decreto 17-73,,,,,,,,,
,,5,Otra,,,,,,,,,
,,6,Ley VIF y Código Penal ,,,,,,,,,
,,9,Ignorado,,,,,,,,,
,,,,,,,,,,,,
ARTICULOVIF,Artículos aplicados                 (Se registraron hasta 4 artículos de una misma ley),001 a 014  ,Artículos de la ley VIF ,,,,,,,,,
,,999,Artículos de la ley VIF ignorado,,,,,,,,,
ARTICULOVCM,,001 a 028,Artículos de la ley VCM,,,,,,,,,
,,999,Artículos de la ley VCM ignorado,,,,,,,,,
ARTICULOCODPEN,,001 a 498,Artículos del Código Penal,,,,,,,,,
,,999,Artículos del Código Penal ignorado,,,,,,,,,
ARTICULOTRAS,,001 a 500,Artículos otras leyes,,,,,,,,,
,,999,Artículos otras leyes ignorado,,,,,,,,,
,,,,,,,,,,,,
MEDIDAS_SEGURIDAD,Medidas de seguridad otorgadas por el Organismo Judicial,1,Medidas otorgadas,,,,,,,,,
,,2,Medidas no otorgadas,,,,,,,,,
,,9,Ignorado,,,,,,,,,
,,,,,,,,,,,,
TIPO_MEDIDA,Tipo de medida de seguridad aplicada,a,"Ordenar al presunto agresor que salga inmediatamente de la residencia común. Si se resiste, se utilizará la     fuerza pública.",,,,,,,,,
,,b,"Ordenar la asistencia obligatoria a instituciones con programas terapéutico-educativos, creados para ese fin.",,,,,,,,,
,,c,"Ordenar el allanamiento de la morada cuando, por violencia intrafamiliar, se arriesgue gravemente la integridad física, sexual, patrimonial, o psicológica de cualquiera de sus habitantes.",,,,,,,,,
,,d,"Prohibir que se introduzcan o se mantengan armas en la casa de habitación, cuando se utilicen para intimidar, amenazar o causar daño a alguna de las personas integrantes del grupo familiar.",,,,,,,,,
,,e,"Decomisar las armas en posesión del presunto agresor, aún cuando tenga licencia de portación.",,,,,,,,,
,,f,"Suspenderle provisionalmente al presunto agresor, la guarda y custodia de sus hijos e hijas menores de edad.",,,,,,,,,
,,g,"Ordenar al presunto agresor abstenerse de interferir, en cualquier forma, en el ejercicio de la guarda, crianza y educación de sus hijos e hijas.",,,,,,,,,
,,h,"Suspenderle al presunto agresor el derecho de visitar a sus hijos e hijas, en caso de agresión sexual contra menores de edad.",,,,,,,,,
,,i ,"Prohibir, al presunto agresor que perturbe o intimide a cualquier integrante del grupo familiar.",,,,,,,,,
,,j,Prohibir el acceso del presunto agresor al domicilio permanente o temporal de la persona agredida y a su lugar de trabajo o estudio.,,,,,,,,,
,,k,"Fijar una obligación alimentaria provisional, de conformidad con lo establecido en el Código Civil.",,,,,,,,,
,,l,"Disponer el embargo preventivo de bienes, del presunto agresor. Para aplicar esta medida no será necesario ningún depósito de garantía. A juicio de la autoridad judicial competente, el embargo recaerá sobre la casa de habitación familiar y sobre los bienes necesarios para respaldar la obligación alimentaria en favor de la persona agredida y los dependientes que correspondan, conforme a la ley.",,,,,,,,,
,,m,"Levantar un inventario de los bienes muebles existentes en el núcleo habitacional, en particular el menaje de casa u otros que le sirvan como medio de trabajo a la persona agredida.",,,,,,,,,
,,n,"Otorgar el uso exclusivo, por un plazo determinado, del menaje de casa a la persona agredida. Deberán salvaguardarse especialmente la vivienda y el menaje amparado al régimen de patrimonio familiar.",,,,,,,,,
,,ñ,"Ordenar, al presunto agresor, que se abstenga de interferir en el uso y disfrute de los instrumentos de trabajo de la persona agredida. Cuando ésta tenga sesenta (60) años o más o sea discapacitada, el presunto agresor no deberá interferir en el uso y disfrute de instrumentos indispensables para que la víctima pueda valerse por sí misma o integrarse a la sociedad.",,,,,,,,,
,,o,"Ordenar al presunto agresor, la reparación en dinero efectivo de los daños ocasionados a la persona agredida, o a los bienes que le sean indispensables para continuar su vida normal. Se incluyen gastos de traslado, reparaciones a la propiedad, alojamiento y gastos médicos. El monto se hará efectivo en la forma y procedimiento que la autoridad judicial estime conveniente para garantizar que la misma sea cumplida.",,,,,,,,,
,,z,Se ignora la medida de seguridad,,,,,,,,,
,,,,,,,,,,,,
ORGANISMO_REMITE,Órgano jurisdiccional a donde se remitió,1,Juzgados de Paz,,,,,,,,,
,,2,Juzgados de Paz Comunitarios,,,,,,,,,
,,3,Juzgados de Paz Penal ,,,,,,,,,
,,4,"Juzgado de Paz Penal de Conocimiento a Prevención de Delitos de Narcotráfico, Defraudación y Contrabando Aduanero, Violencia Sexual, Explotación y Trata de Personas ",,,,,,,,,
,,5,Juzgados de Paz Penal de Turno/24horas,,,,,,,,,
,,6,Juzgados de Paz Móvil,,,,,,,,,
,,7,"Juzgado de Paz con Competencia Específica para la Protección en Materia de Violencia Intrafamiliar, y de Niñez y Adolescencia Amenazada o Violada en sus Derechos (de turno)",,,,,,,,,
,,8,"Juzgados de Primera Instancia Penal, Narcoactividad y Delitos contra el Ambiente",,,,,,,,,
,,9,"Juzgados de Primera Instancia Penal, Narcoactividad y Delitos contra el Ambiente de Turno/24 horas",,,,,,,,,
,,10,"Juzgado de Turno de Primera Instancia Penal de Delitos de Femicidio y otras formas de  Violencia contra la contra la Mujer y Violencia Sexual, Explotación y Trata de Personas",,,,,,,,,
,,11,Juzgados de Primera Instancia Penal de Delitos de Femicidio y otras formas de Violencia en contra de la Mujer,,,,,,,,,
,,12,"Tribunales de Sentencia Penal, Narcoactividad y Delitos contra el Ambiente",,,,,,,,,
,,13,Tribunales de Sentencia Penal de Delitos de Femicidio y otras formas de Violencia en contra de la Mujer,,,,,,,,,
,,14,Juzgados de Primera Instancia Ramo Mixto,,,,,,,,,
,,15,Juzgados de Primera Instancia de Familia,,,,,,,,,
,,16,Juzgados de Adolescentes en Conflicto con la Ley Penal,,,,,,,,,
,,17,Ministerio Público (como órgano estatal),,,,,,,,,
,,18,Este mismo órgano,,,,,,,,,
,,99,Ignorado,,,,,,,,,
,,,,,,,,,,,,
